TAP version 13
# Subtest: claims can anchor whole files in Store6 and store-docs
ok 1 - claims can anchor whole files in Store6 and store-docs
  ---
  duration_ms: 281.571958
  type: 'test'
  ...
# Subtest: claims and the source lock must name the same Store6 revision
ok 2 - claims and the source lock must name the same Store6 revision
  ---
  duration_ms: 2.362042
  type: 'test'
  ...
# Subtest: changed and missing anchors report the page, id, claim, path, and reconciliation command
ok 3 - changed and missing anchors report the page, id, claim, path, and reconciliation command
  ---
  duration_ms: 272.419459
  type: 'test'
  ...
# Subtest: claims reject private Store6 decision-record anchors
ok 4 - claims reject private Store6 decision-record anchors
  ---
  duration_ms: 11.503375
  type: 'test'
  ...
# Subtest: every hand-authored Store6 page has a claim while locked pages and overview are excluded
ok 5 - every hand-authored Store6 page has a claim while locked pages and overview are excluded
  ---
  duration_ms: 139.267833
  type: 'test'
  ...
# Subtest: reconciling one claim rewrites only that claim's whole-file hash
ok 6 - reconciling one claim rewrites only that claim's whole-file hash
  ---
  duration_ms: 254.848834
  type: 'test'
  ...
# Subtest: reconcile-all rewrites every claim's whole-file hashes
ok 7 - reconcile-all rewrites every claim's whole-file hashes
  ---
  duration_ms: 192.248666
  type: 'test'
  ...
# Subtest: reconciling one claim persists its hash while reporting other claims that still need review
ok 8 - reconciling one claim persists its hash while reporting other claims that still need review
  ---
  duration_ms: 231.309917
  type: 'test'
  ...
# Subtest: post-repin selective reconciliation persists one pinned hash and reports the other
ok 9 - post-repin selective reconciliation persists one pinned hash and reports the other
  ---
  duration_ms: 223.574208
  type: 'test'
  ...
# Subtest: reconciliation hashes the pinned Store6 object instead of dirty checkout bytes
ok 10 - reconciliation hashes the pinned Store6 object instead of dirty checkout bytes
  ---
  duration_ms: 203.324875
  type: 'test'
  ...
# Subtest: CLI parsing requires a source root and recognizes only explicit reconciliation modes
ok 11 - CLI parsing requires a source root and recognizes only explicit reconciliation modes
  ---
  duration_ms: 0.40875
  type: 'test'
  ...
# Subtest: an index.mdx hand-authored page is claimed by its directory route
ok 12 - an index.mdx hand-authored page is claimed by its directory route
  ---
  duration_ms: 195.9745
  type: 'test'
  ...
# Subtest: claim ids must be unique
ok 13 - claim ids must be unique
  ---
  duration_ms: 7.022459
  type: 'test'
  ...
# Subtest: every anchor names its repository explicitly
ok 14 - every anchor names its repository explicitly
  ---
  duration_ms: 4.533834
  type: 'test'
  ...
# Subtest: claims without anchors are rejected instead of being silently skipped
ok 15 - claims without anchors are rejected instead of being silently skipped
  ---
  duration_ms: 4.069583
  type: 'test'
  ...
# Subtest: anchor paths must be normalized POSIX-relative paths
ok 16 - anchor paths must be normalized POSIX-relative paths
  ---
  duration_ms: 13.651
  type: 'test'
  ...
# Subtest: the private-record guard applies after path normalization
ok 17 - the private-record guard applies after path normalization
  ---
  duration_ms: 4.122084
  type: 'test'
  ...
# Subtest: working-tree anchors may not escape their repository through a symlink
ok 18 - working-tree anchors may not escape their repository through a symlink
  ---
  duration_ms: 181.159209
  type: 'test'
  ...
# Subtest: Store6 anchors reject committed symlinks even when they stay inside the checkout
ok 19 - Store6 anchors reject committed symlinks even when they stay inside the checkout
  ---
  duration_ms: 210.354875
  type: 'test'
  ...
# Subtest: claims schema errors identify the evidence file and JSON path
ok 20 - claims schema errors identify the evidence file and JSON path
  ---
  duration_ms: 12.939334
  type: 'test'
  ...
# Subtest: source-lock schema errors identify the evidence file and JSON path
ok 21 - source-lock schema errors identify the evidence file and JSON path
  ---
  duration_ms: 6.417375
  type: 'test'
  ...
# Subtest: source-root Git preflight preserves operational stderr
ok 22 - source-root Git preflight preserves operational stderr
  ---
  duration_ms: 11.171792
  type: 'test'
  ...
# Subtest: source-root Git preflight requires the pinned commit object
ok 23 - source-root Git preflight requires the pinned commit object
  ---
  duration_ms: 91.584875
  type: 'test'
  ...
# Subtest: a missing pinned Store6 blob is distinct from working-tree drift
ok 24 - a missing pinned Store6 blob is distinct from working-tree drift
  ---
  duration_ms: 90.068667
  type: 'test'
  ...
# Subtest: reconciliation does not persist when the Class H census fails
ok 25 - reconciliation does not persist when the Class H census fails
  ---
  duration_ms: 55.609333
  type: 'test'
  ...
# Subtest: reconciliation does not persist when Git preflight fails
ok 26 - reconciliation does not persist when Git preflight fails
  ---
  duration_ms: 10.996417
  type: 'test'
  ...
# Subtest: reconciliation does not persist a structurally invalid ledger
ok 27 - reconciliation does not persist a structurally invalid ledger
  ---
  duration_ms: 1.277583
  type: 'test'
  ...
# Subtest: an idempotent reconcile preserves canonical ledger bytes
ok 28 - an idempotent reconcile preserves canonical ledger bytes
  ---
  duration_ms: 91.345625
  type: 'test'
  ...
# Subtest: dedents a named source region and checks every declared hand-authored page
ok 29 - dedents a named source region and checks every declared hand-authored page
  ---
  duration_ms: 57.682292
  type: 'test'
  ...
# Subtest: maps an index.mdx hand-authored page to its directory route
ok 30 - maps an index.mdx hand-authored page to its directory route
  ---
  duration_ms: 25.13125
  type: 'test'
  ...
# Subtest: a changed fence reports the exact contract failure and a useful diff
ok 31 - a changed fence reports the exact contract failure and a useful diff
  ---
  duration_ms: 17.502792
  type: 'test'
  ...
# Subtest: rejects duplicate manifest names, page routes, source regions, and page markers
    # Subtest: manifest names
    ok 1 - manifest names
      ---
      duration_ms: 8.393917
      type: 'test'
      ...
    # Subtest: page routes
    ok 2 - page routes
      ---
      duration_ms: 7.658042
      type: 'test'
      ...
    # Subtest: source regions
    ok 3 - source regions
      ---
      duration_ms: 18.032625
      type: 'test'
      ...
    # Subtest: page markers
    ok 4 - page markers
      ---
      duration_ms: 16.514666
      type: 'test'
      ...
    1..4
ok 32 - rejects duplicate manifest names, page routes, source regions, and page markers
  ---
  duration_ms: 51.152708
  type: 'test'
  ...
# Subtest: rejects missing and unterminated source regions
    # Subtest: missing
    ok 1 - missing
      ---
      duration_ms: 50.5045
      type: 'test'
      ...
    # Subtest: unterminated
    ok 2 - unterminated
      ---
      duration_ms: 8.079291
      type: 'test'
      ...
    1..2
ok 33 - rejects missing and unterminated source regions
  ---
  duration_ms: 59.238916
  type: 'test'
  ...
# Subtest: rejects missing pages, markers, Kotlin fences, and closing fences
    # Subtest: page
    ok 1 - page
      ---
      duration_ms: 13.292375
      type: 'test'
      ...
    # Subtest: marker
    ok 2 - marker
      ---
      duration_ms: 11.344833
      type: 'test'
      ...
    # Subtest: Kotlin fence
    ok 3 - Kotlin fence
      ---
      duration_ms: 7.694875
      type: 'test'
      ...
    # Subtest: closing fence
    ok 4 - closing fence
      ---
      duration_ms: 7.254584
      type: 'test'
      ...
    1..4
ok 34 - rejects missing pages, markers, Kotlin fences, and closing fences
  ---
  duration_ms: 40.082083
  type: 'test'
  ...
# Subtest: rejects unsafe source paths and page routes
    # Subtest: parent source path
    ok 1 - parent source path
      ---
      duration_ms: 4.124709
      type: 'test'
      ...
    # Subtest: absolute source path
    ok 2 - absolute source path
      ---
      duration_ms: 10.823958
      type: 'test'
      ...
    # Subtest: backslash source path
    ok 3 - backslash source path
      ---
      duration_ms: 2.977959
      type: 'test'
      ...
    # Subtest: parent page route
    ok 4 - parent page route
      ---
      duration_ms: 3.802625
      type: 'test'
      ...
    # Subtest: outside page route
    ok 5 - outside page route
      ---
      duration_ms: 3.390875
      type: 'test'
      ...
    1..5
ok 35 - rejects unsafe source paths and page routes
  ---
  duration_ms: 25.699042
  type: 'test'
  ...
# Subtest: rejects a source path whose symlink escapes the checkout
ok 36 - rejects a source path whose symlink escapes the checkout
  ---
  duration_ms: 4.311333
  type: 'test'
  ...
# Subtest: rejects undeclared Class H markers and manifest entries for sync-owned pages
    # Subtest: undeclared marker
    ok 1 - undeclared marker
      ---
      duration_ms: 13.146417
      type: 'test'
      ...
    # Subtest: sync-owned page
    ok 2 - sync-owned page
      ---
      duration_ms: 3.736958
      type: 'test'
      ...
    1..2
ok 37 - rejects undeclared Class H markers and manifest entries for sync-owned pages
  ---
  duration_ms: 17.222833
  type: 'test'
  ...
# Subtest: CLI parsing requires exactly one source root
ok 38 - CLI parsing requires exactly one source root
  ---
  duration_ms: 0.304583
  type: 'test'
  ...
# Subtest: mobile and desktop TOCs share nested destinations without duplicate control IDs
ok 39 - mobile and desktop TOCs share nested destinations without duplicate control IDs
  ---
  duration_ms: 206.520625
  type: 'test'
  ...
# Subtest: short-page fallback remains a real page-title destination
ok 40 - short-page fallback remains a real page-title destination
  ---
  duration_ms: 122.022667
  type: 'test'
  ...
# Subtest: source attribution uses only known fork revisions and retains exact metadata
ok 41 - source attribution uses only known fork revisions and retains exact metadata
  ---
  duration_ms: 49.483542
  type: 'test'
  ...
# Subtest: shell version destinations are preserved without implied release taxonomy
ok 42 - shell version destinations are preserved without implied release taxonomy
  ---
  duration_ms: 57.171375
  type: 'test'
  ...
# Subtest: reading shell exposes one mobile search entry, a main skip target, and drawer dismissal
ok 43 - reading shell exposes one mobile search entry, a main skip target, and drawer dismissal
  ---
  duration_ms: 18.013125
  type: 'test'
  ...
# Subtest: pre-alpha schedule and workflow dispatch process in main-tracking mode
ok 44 - pre-alpha schedule and workflow dispatch process in main-tracking mode
  ---
  duration_ms: 1.751084
  type: 'test'
  ...
# Subtest: post-alpha schedule is a green tag-only no-op
ok 45 - post-alpha schedule is a green tag-only no-op
  ---
  duration_ms: 0.117334
  type: 'test'
  ...
# Subtest: post-alpha dispatch requires exactly one valid 6.x tag at HEAD
ok 46 - post-alpha dispatch requires exactly one valid 6.x tag at HEAD
  ---
  duration_ms: 2.994417
  type: 'test'
  ...
# Subtest: cadence rejects invalid inputs and inspects tags at exact HEAD
ok 47 - cadence rejects invalid inputs and inspects tags at exact HEAD
  ---
  duration_ms: 544.703584
  type: 'test'
  ...
# Subtest: workflow parses as two least-privilege jobs on trusted documentation main
ok 48 - workflow parses as two least-privilege jobs on trusted documentation main
  ---
  duration_ms: 148.942417
  type: 'test'
  ...
# Subtest: Store6 checkout rejects refspecs before fetching origin tags
ok 49 - Store6 checkout rejects refspecs before fetching origin tags
  ---
  duration_ms: 88.05925
  type: 'test'
  ...
# Subtest: pnpm install in CI receives HEROUI_AUTH_TOKEN from Actions secrets
ok 50 - pnpm install in CI receives HEROUI_AUTH_TOKEN from Actions secrets
  ---
  duration_ms: 0.317833
  type: 'test'
  ...
# Subtest: every workflow step has exactly one executable form
ok 51 - every workflow step has exactly one executable form
  ---
  duration_ms: 83.993959
  type: 'test'
  ...
# Subtest: generator validates cadence, exact revision, Dokka outputs, and full verification order
ok 52 - generator validates cadence, exact revision, Dokka outputs, and full verification order
  ---
  duration_ms: 0.598542
  type: 'test'
  ...
# Subtest: release tags regenerate even at the pinned SHA and require same-PR editorial review
ok 53 - release tags regenerate even at the pinned SHA and require same-PR editorial review
  ---
  duration_ms: 0.456333
  type: 'test'
  ...
# Subtest: generator emits only an allowlisted binary patch plus bounded verified metadata
ok 54 - generator emits only an allowlisted binary patch plus bounded verified metadata
  ---
  duration_ms: 0.240042
  type: 'test'
  ...
# Subtest: publisher validates base, artifact, indexed apply, allowlist, and residue before one commit
ok 55 - publisher validates base, artifact, indexed apply, allowlist, and residue before one commit
  ---
  duration_ms: 0.185041
  type: 'test'
  ...
# Subtest: token is isolated to final rolling branch publication with review-final-red semantics
ok 56 - token is isolated to final rolling branch publication with review-final-red semantics
  ---
  duration_ms: 0.12125
  type: 'test'
  ...
# Subtest: committed ledger records disjoint live, snapshot, and Store6 censuses
ok 57 - committed ledger records disjoint live, snapshot, and Store6 censuses
  ---
  duration_ms: 330.652375
  type: 'test'
  ...
# Subtest: port-page:generate removes only matching stale files and updates its census
ok 58 - port-page:generate removes only matching stale files and updates its census
  ---
  duration_ms: 31.062458
  type: 'test'
  ...
# Subtest: port-page:generate preserves existing modes and defaults new generated files to 0644
ok 59 - port-page:generate preserves existing modes and defaults new generated files to 0644
  ---
  duration_ms: 39.144292
  type: 'test'
  ...
# Subtest: port-page:generate refuses to remove a stale file changed after its census
ok 60 - port-page:generate refuses to remove a stale file changed after its census
  ---
  duration_ms: 6.156583
  type: 'test'
  ...
# Subtest: port-page:generate refuses to overwrite a pre-existing unclaimed target
ok 61 - port-page:generate refuses to overwrite a pre-existing unclaimed target
  ---
  duration_ms: 6.248209
  type: 'test'
  ...
# Subtest: port-page:generate rolls a stale removal back when ledger installation fails
ok 62 - port-page:generate rolls a stale removal back when ledger installation fails
  ---
  duration_ms: 13.684583
  type: 'test'
  ...
# Subtest: port-page:generate keeps committed outputs when backup cleanup fails after one removal
ok 63 - port-page:generate keeps committed outputs when backup cleanup fails after one removal
  ---
  duration_ms: 108.160125
  type: 'test'
  ...
# Subtest: port-page:generate keeps committed outputs when transaction-directory cleanup fails
ok 64 - port-page:generate keeps committed outputs when transaction-directory cleanup fails
  ---
  duration_ms: 183.984292
  type: 'test'
  ...
# Subtest: port-page:generate rejects a symlinked parent before any mutation
ok 65 - port-page:generate rejects a symlinked parent before any mutation
  ---
  duration_ms: 2.955583
  type: 'test'
  ...
# Subtest: sync-store6-docs removes only matching stale files and updates its census
ok 66 - sync-store6-docs removes only matching stale files and updates its census
  ---
  duration_ms: 7.364791
  type: 'test'
  ...
# Subtest: sync-store6-docs preserves existing modes and defaults new generated files to 0644
ok 67 - sync-store6-docs preserves existing modes and defaults new generated files to 0644
  ---
  duration_ms: 48.294333
  type: 'test'
  ...
# Subtest: sync-store6-docs refuses to remove a stale file changed after its census
ok 68 - sync-store6-docs refuses to remove a stale file changed after its census
  ---
  duration_ms: 19.557875
  type: 'test'
  ...
# Subtest: sync-store6-docs refuses to overwrite a pre-existing unclaimed target
ok 69 - sync-store6-docs refuses to overwrite a pre-existing unclaimed target
  ---
  duration_ms: 23.0695
  type: 'test'
  ...
# Subtest: sync-store6-docs rolls a stale removal back when ledger installation fails
ok 70 - sync-store6-docs rolls a stale removal back when ledger installation fails
  ---
  duration_ms: 16.377875
  type: 'test'
  ...
# Subtest: sync-store6-docs keeps committed outputs when backup cleanup fails after one removal
ok 71 - sync-store6-docs keeps committed outputs when backup cleanup fails after one removal
  ---
  duration_ms: 11.6625
  type: 'test'
  ...
# Subtest: sync-store6-docs keeps committed outputs when transaction-directory cleanup fails
ok 72 - sync-store6-docs keeps committed outputs when transaction-directory cleanup fails
  ---
  duration_ms: 11.06125
  type: 'test'
  ...
# Subtest: sync-store6-docs rejects a symlinked parent before any mutation
ok 73 - sync-store6-docs rejects a symlinked parent before any mutation
  ---
  duration_ms: 6.128917
  type: 'test'
  ...
# Subtest: mintlify CJS loader rewrites Vite __require imports to the named namespace export
ok 74 - mintlify CJS loader rewrites Vite __require imports to the named namespace export
  ---
  duration_ms: 0.633
  type: 'test'
  ...
# Subtest: mintlify CJS loader leaves files without __require unchanged
ok 75 - mintlify CJS loader leaves files without __require unchanged
  ---
  duration_ms: 0.055916
  type: 'test'
  ...
# Subtest: loader resolves Vite, default CommonJS, and named CommonJS namespaces
ok 76 - loader resolves Vite, default CommonJS, and named CommonJS namespaces
  ---
  duration_ms: 0.079417
  type: 'test'
  ...
# Subtest: all executable code fixtures render through real adapters
ok 77 - all executable code fixtures render through real adapters
  ---
  duration_ms: 38.945458
  type: 'test'
  ...
# Subtest: compiled fences preserve token elements independently from exact source
ok 78 - compiled fences preserve token elements independently from exact source
  ---
  duration_ms: 151.138041
  type: 'test'
  ...
# Subtest: fences without raw metadata retain content without guessing copy text
ok 79 - fences without raw metadata retain content without guessing copy text
  ---
  duration_ms: 0.408959
  type: 'test'
  ...
# Subtest: code source honors compiler metadata and preserves whitespace
ok 80 - code source honors compiler metadata and preserves whitespace
  ---
  duration_ms: 0.151666
  type: 'test'
  ...
# Subtest: groups clamp initial selection and keep accessible panel associations
ok 81 - groups clamp initial selection and keep accessible panel associations
  ---
  duration_ms: 3.333667
  type: 'test'
  ...
# Subtest: explicit code UI themes and syntax data survive adapters
ok 82 - explicit code UI themes and syntax data survive adapters
  ---
  duration_ms: 1.880333
  type: 'test'
  ...
# Subtest: copy overrides, hidden assistant and line-state options render
ok 83 - copy overrides, hidden assistant and line-state options render
  ---
  duration_ms: 1.173167
  type: 'test'
  ...
# Subtest: empty registry, snippet elements and audio sources remain valid
ok 84 - empty registry, snippet elements and audio sources remain valid
  ---
  duration_ms: 5.687667
  type: 'test'
  ...
# Subtest: Tidal highlighter emits real syntax spans and precise line states
ok 85 - Tidal highlighter emits real syntax spans and precise line states
  ---
  duration_ms: 123.192666
  type: 'test'
  ...
# Subtest: explicit CSS-variable syntax theme honors Shiki variable names
ok 86 - explicit CSS-variable syntax theme honors Shiki variable names
  ---
  duration_ms: 173.599083
  type: 'test'
  ...
# Subtest: dropdown public display names and state-valued trigger classes survive
ok 87 - dropdown public display names and state-valued trigger classes survive
  ---
  duration_ms: 0.839084
  type: 'test'
  ...
# Subtest: state class adapters preserve caller render functions and elements
ok 88 - state class adapters preserve caller render functions and elements
  ---
  duration_ms: 0.758833
  type: 'test'
  ...
# Subtest: explicit CSS-variable themes are separated from forced Tidal surfaces
ok 89 - explicit CSS-variable themes are separated from forced Tidal surfaces
  ---
  duration_ms: 0.315792
  type: 'test'
  ...
# Subtest: installed package runtime census remains 42 components and 12 utilities
ok 90 - installed package runtime census remains 42 components and 12 utilities
  ---
  duration_ms: 1.61525
  type: 'test'
  ...
# Subtest: compatibility runtime preserves every package runtime import and compound member
ok 91 - compatibility runtime preserves every package runtime import and compound member
  ---
  duration_ms: 1691.939917
  type: 'test'
  ...
# Subtest: production MDX map exposes every component and compound while caller overrides win
ok 92 - production MDX map exposes every component and compound while caller overrides win
  ---
  duration_ms: 885.8295
  type: 'test'
  ...
# Subtest: default Mermaid theme resolves Tidal tokens while authored configuration keeps authority
ok 93 - default Mermaid theme resolves Tidal tokens while authored configuration keeps authority
  ---
  duration_ms: 0.792666
  type: 'test'
  ...
# Subtest: SVG identities and references are isolated without rewriting authored colors or data IDs
ok 94 - SVG identities and references are isolated without rewriting authored colors or data IDs
  ---
  duration_ms: 0.715625
  type: 'test'
  ...
# Subtest: render queue prevents overlapping singleton config transactions and recovers after failure
ok 95 - render queue prevents overlapping singleton config transactions and recovers after failure
  ---
  duration_ms: 0.821542
  type: 'test'
  ...
# Subtest: Mermaid SSR exposes names/loading and declared explicit versus automatic action states
ok 96 - Mermaid SSR exposes names/loading and declared explicit versus automatic action states
  ---
  duration_ms: 11.745375
  type: 'test'
  ...
# Subtest: public zoom controls retain all seven accessible actions and callback direction values
ok 97 - public zoom controls retain all seven accessible actions and callback direction values
  ---
  duration_ms: 0.434916
  type: 'test'
  ...
# Subtest: all diagram fixtures have stable metadata and render actual client boundaries
ok 98 - all diagram fixtures have stable metadata and render actual client boundaries
  ---
  duration_ms: 645.215417
  type: 'test'
  ...
# Subtest: compound members and standalone MDX aliases are identical
ok 99 - compound members and standalone MDX aliases are identical
  ---
  duration_ms: 0.588084
  type: 'test'
  ...
# Subtest: accordion preserves legacy boolean/string initial states and URL ancestry
ok 100 - accordion preserves legacy boolean/string initial states and URL ancestry
  ---
  duration_ms: 31.343875
  type: 'test'
  ...
# Subtest: expandable lazy rendering and unique summary-panel relationships
ok 101 - expandable lazy rendering and unique summary-panel relationships
  ---
  duration_ms: 89.299792
  type: 'test'
  ...
# Subtest: accordion repeated titles have unique IDs in server HTML and disabled semantics
ok 102 - accordion repeated titles have unique IDs in server HTML and disabled semantics
  ---
  duration_ms: 1.467708
  type: 'test'
  ...
# Subtest: tabs preserve initial selection, duplicate-label IDs, panel ref surface and all content
ok 103 - tabs preserve initial selection, duplicate-label IDs, panel ref surface and all content
  ---
  duration_ms: 8.40775
  type: 'test'
  ...
# Subtest: steps keep heading sizes, explicit numbering, and nested list semantics
ok 104 - steps keep heading sizes, explicit numbering, and nested list semantics
  ---
  duration_ms: 0.932
  type: 'test'
  ...
# Subtest: tree exposes open group ownership and omits closed or non-openable children
ok 105 - tree exposes open group ownership and omits closed or non-openable children
  ---
  duration_ms: 1.046041
  type: 'test'
  ...
# Subtest: every disclosure fixture is stable, documented, and executable
ok 106 - every disclosure fixture is stable, documented, and executable
  ---
  duration_ms: 597.336666
  type: 'test'
  ...
# Subtest: layout family exports every compatibility component and compound member
ok 107 - layout family exports every compatibility component and compound member
  ---
  duration_ms: 0.687333
  type: 'test'
  ...
# Subtest: Card preserves navigation semantics, explicit as, and disabled state
ok 108 - Card preserves navigation semantics, explicit as, and disabled state
  ---
  duration_ms: 13.603208
  type: 'test'
  ...
# Subtest: Columns and CardGroup preserve every column count and local defaults
ok 109 - Columns and CardGroup preserve every column count and local defaults
  ---
  duration_ms: 1.202084
  type: 'test'
  ...
# Subtest: Frame preserves media, author style, description rendering, and optional defaults
ok 110 - Frame preserves media, author style, description rendering, and optional defaults
  ---
  duration_ms: 0.62025
  type: 'test'
  ...
# Subtest: Panel and Tile retain caller HTML props and link states
ok 111 - Panel and Tile retain caller HTML props and link states
  ---
  duration_ms: 0.769917
  type: 'test'
  ...
# Subtest: Update defaults visible and honors hidden state
ok 112 - Update defaults visible and honors hidden state
  ---
  duration_ms: 0.736458
  type: 'test'
  ...
# Subtest: View requires an explicit registry and stays empty until client mount
ok 113 - View requires an explicit registry and stays empty until client mount
  ---
  duration_ms: 0.164958
  type: 'test'
  ...
# Subtest: Color keeps compact/table variants and author supplied current and legacy swatches
ok 114 - Color keeps compact/table variants and author supplied current and legacy swatches
  ---
  duration_ms: 3.07825
  type: 'test'
  ...
# Subtest: Icon preserves library, type, color, size, and override behavior
ok 115 - Icon preserves library, type, color, size, and override behavior
  ---
  duration_ms: 0.467625
  type: 'test'
  ...
# Subtest: fixtures are executable, uniquely identified, and cover enums and required states
ok 116 - fixtures are executable, uniquely identified, and cover enums and required states
  ---
  duration_ms: 18.125084
  type: 'test'
  ...
# Subtest: family CSS is fully scoped and uses shared semantic tokens without overriding swatches
ok 117 - family CSS is fully scoped and uses shared semantic tokens without overriding swatches
  ---
  duration_ms: 6.821583
  type: 'test'
  ...
# Subtest: overlay family exports the complete runtime and type-compatible ref adapters
ok 118 - overlay family exports the complete runtime and type-compatible ref adapters
  ---
  duration_ms: 0.616041
  type: 'test'
  ...
# Subtest: Tooltip forwards every declared prop and marks its trigger for scoped theming
ok 119 - Tooltip forwards every declared prop and marks its trigger for scoped theming
  ---
  duration_ms: 3.593125
  type: 'test'
  ...
# Subtest: Search forwards all state, callback, placement, custom-state, and input-ref props
ok 120 - Search forwards all state, callback, placement, custom-state, and input-ref props
  ---
  duration_ms: 0.211708
  type: 'test'
  ...
# Subtest: Search portal observer names its own dialog and attaches and clears the actual input ref
ok 121 - Search portal observer names its own dialog and attaches and clears the actual input ref
  ---
  duration_ms: 0.761334
  type: 'test'
  ...
# Subtest: SearchButton preserves native button props, shortcuts, callbacks, children, and ref
ok 122 - SearchButton preserves native button props, shortcuts, callbacks, children, and ref
  ---
  duration_ms: 0.104875
  type: 'test'
  ...
# Subtest: SearchProvider keeps package context compatibility and every provider prop
ok 123 - SearchProvider keeps package context compatibility and every provider prop
  ---
  duration_ms: 4.327333
  type: 'test'
  ...
# Subtest: serializable MDX excludes callback-required Search and SearchProvider
ok 124 - serializable MDX excludes callback-required Search and SearchProvider
  ---
  duration_ms: 7.362959
  type: 'test'
  ...
# Subtest: fixtures are executable, deterministic, and cover every required overlay state
ok 125 - fixtures are executable, deterministic, and cover every required overlay state
  ---
  duration_ms: 11.632042
  type: 'test'
  ...
# Subtest: family CSS scopes body-mounted search and tooltip portals to Store docs
ok 126 - family CSS scopes body-mounted search and tooltip portals to Store docs
  ---
  duration_ms: 8.4525
  type: 'test'
  ...
# Subtest: status facade exposes every assigned component
ok 127 - status facade exposes every assigned component
  ---
  duration_ms: 433.295125
  type: 'test'
  ...
# Subtest: Badge renders every public color, variant, size, and shape as an inspectable state
ok 128 - Badge renders every public color, variant, size, and shape as an inspectable state
  ---
  duration_ms: 367.401709
  type: 'test'
  ...
# Subtest: Badge retains link, button, disabled, icon, and deprecated stroke behavior
ok 129 - Badge retains link, button, disabled, icon, and deprecated stroke behavior
  ---
  duration_ms: 229.006
  type: 'test'
  ...
# Subtest: Callout covers all variants and lets explicit variant override a legacy type
ok 130 - Callout covers all variants and lets explicit variant override a legacy type
  ---
  duration_ms: 152.829625
  type: 'test'
  ...
# Subtest: Callout supports named aliases plus custom icon, color, class, and accessible label
ok 131 - Callout supports named aliases plus custom icon, color, class, and accessible label
  ---
  duration_ms: 198.192583
  type: 'test'
  ...
# Subtest: Property and ParamHead retain metadata, labels, content, ids, and hidden state
ok 132 - Property and ParamHead retain metadata, labels, content, ids, and hidden state
  ---
  duration_ms: 189.853416
  type: 'test'
  ...
# Subtest: Pills preserve arbitrary content and optional label absence
ok 133 - Pills preserve arbitrary content and optional label absence
  ---
  duration_ms: 175.047458
  type: 'test'
  ...
# Subtest: client fixtures have stable metadata and execute with the real adapters
ok 134 - client fixtures have stable metadata and execute with the real adapters
  ---
  duration_ms: 152.137458
  type: 'test'
  ...
# Subtest: ParamHead preserves the installed international fragment spelling
ok 135 - ParamHead preserves the installed international fragment spelling
  ---
  duration_ms: 171.650959
  type: 'test'
  ...
# Subtest: responsive module list preserves every module, tier and release
ok 136 - responsive module list preserves every module, tier and release
  ---
  duration_ms: 3.199333
  type: 'test'
  ...
# Subtest: target groups remain associated while storage exceptions stay in their rows
ok 137 - target groups remain associated while storage exceptions stay in their rows
  ---
  duration_ms: 1.334334
  type: 'test'
  ...
# Subtest: quickstart publication transform publishes the mutations block as a Warning callout
ok 138 - quickstart publication transform publishes the mutations block as a Warning callout
  ---
  duration_ms: 0.756208
  type: 'test'
  ...
# Subtest: quickstart publication transform drops the in-page status quote
ok 139 - quickstart publication transform drops the in-page status quote
  ---
  duration_ms: 0.152875
  type: 'test'
  ...
# Subtest: important-defaults publication transform wraps the zero-config quote as an Info callout
ok 140 - important-defaults publication transform wraps the zero-config quote as an Info callout
  ---
  duration_ms: 0.070625
  type: 'test'
  ...
# Subtest: stability crash-window transform accepts only the legacy or current safe block
ok 141 - stability crash-window transform accepts only the legacy or current safe block
  ---
  duration_ms: 0.149416
  type: 'test'
  ...
# Subtest: inventory defines direct docs targets and two exact outside routes
ok 142 - inventory defines direct docs targets and two exact outside routes
  ---
  duration_ms: 1.298042
  type: 'test'
  ...
# Subtest: B5 docs home is the two-track Store 6 and Store 5 router
ok 143 - B5 docs home is the two-track Store 6 and Store 5 router
  ---
  duration_ms: 1.216833
  type: 'test'
  ...
# Subtest: B5 docs root metadata presents Store 6 before the maintained legacy shelf
ok 144 - B5 docs root metadata presents Store 6 before the maintained legacy shelf
  ---
  duration_ms: 0.220583
  type: 'test'
  ...
# Subtest: B5 legacy shelves render with distinct page-tree names
ok 145 - B5 legacy shelves render with distinct page-tree names
  ---
  duration_ms: 5.326667
  type: 'test'
  ...
# Subtest: B5 Store6 overview preserves the entry contract and exposes the complete adoption path
not ok 146 - B5 Store6 overview preserves the entry contract and exposes the complete adoption path
  ---
  duration_ms: 0.958667
  type: 'test'
  location: '/Users/matt/.codex/worktrees/7d49/store-docs/scripts/t4-contract.test.mjs:202:1'
  failureType: 'testCodeFailure'
  error: |-
    Expected values to be strictly equal:
    
    0 !== 1
    
  code: 'ERR_ASSERTION'
  name: 'AssertionError'
  expected: 1
  actual: 0
  operator: 'strictEqual'
  stack: |-
    TestContext.<anonymous> (file:///Users/matt/.codex/worktrees/7d49/store-docs/scripts/t4-contract.test.mjs:238:10)
    Test.runInAsyncScope (node:async_hooks:214:14)
    Test.run (node:internal/test_runner/test:1047:25)
    Test.processPendingSubtests (node:internal/test_runner/test:744:18)
    Test.postRun (node:internal/test_runner/test:1173:19)
    Test.run (node:internal/test_runner/test:1101:12)
    async Test.processPendingSubtests (node:internal/test_runner/test:744:7)
  ...
# Subtest: B5 primary navigation points at Store6 while version navigation remains stable
ok 147 - B5 primary navigation points at Store6 while version navigation remains stable
  ---
  duration_ms: 0.407041
  type: 'test'
  ...
# Subtest: every T4 source, inventory target, outside route, and Store6 copy exists
ok 148 - every T4 source, inventory target, outside route, and Store6 copy exists
  ---
  duration_ms: 0.262667
  type: 'test'
  ...
# Subtest: manifest has every ordered inventory row and one separate OpenAPI exclusion
ok 149 - manifest has every ordered inventory row and one separate OpenAPI exclusion
  ---
  duration_ms: 0.396417
  type: 'test'
  ...
# Subtest: manifest generation does not depend on the wall clock
ok 150 - manifest generation does not depend on the wall clock
  ---
  duration_ms: 0.358666
  type: 'test'
  ...
# Subtest: API migration removes empty permalink artifacts and preserves linked heading content
ok 151 - API migration removes empty permalink artifacts and preserves linked heading content
  ---
  duration_ms: 517.872625
  type: 'test'
  ...
# Subtest: MDX article renderer maps the complete semantic surface and preserves T3 overrides
ok 152 - MDX article renderer maps the complete semantic surface and preserves T3 overrides
  ---
  duration_ms: 29.56675
  type: 'test'
  ...
# Subtest: component-aware migration preserves cards, steps, callouts, descriptions, and light media
ok 153 - component-aware migration preserves cards, steps, callouts, descriptions, and light media
  ---
  duration_ms: 60.707375
  type: 'test'
  ...
# Subtest: migrated widgets retain grouped steps, code panels, callouts, and parameter definitions
not ok 154 - migrated widgets retain grouped steps, code panels, callouts, and parameter definitions
  ---
  duration_ms: 548.525417
  type: 'test'
  location: '/Users/matt/.codex/worktrees/7d49/store-docs/scripts/t4-contract.test.mjs:535:1'
  failureType: 'testCodeFailure'
  error: |-
    Expected values to be strictly deep-equal:
    + actual - expected
    ... Skipped lines
    
      [
        {
          items: [
            {
              body: 'Theapplicationmakesalocalchangethatneedstobesyncedwiththeremotesource.',
    ...
            {
    +         body: 'ApplicationcoderequestsdatafromtheStore.ExtensionforMakingaCachedDataRequest:kotlinCopysuspendfun<Key:Any,Output:Any>Store<Key,Output>.get(key:Key)=stream(StoreReadRequest.cached(key,refresh=false)).filterNot{itisStoreReadResponse.Loading||itisStoreReadResponse.NoNewData}.first().requireData()ExtensionforMakingaFreshDataRequest:kotlinCopysuspendfun<Key:Any,Output:Any>Store<Key,Output>.fresh(key:Key)=stream(StoreReadRequest.fresh(key)).filterNot{itisStoreReadResponse.Loading||itisStoreReadResponse.NoNewData}.first().requireData()',
    -         body: 'ApplicationcoderequestsdatafromtheStore.ExtensionforMakingaCachedDataRequest:suspendfun<Key:Any,Output:Any>Store<Key,Output>.get(key:Key)=stream(StoreReadRequest.cached(key,refresh=false)).filterNot{itisStoreReadResponse.Loading||itisStoreReadResponse.NoNewData}.first().requireData()ExtensionforMakingaFreshDataRequest:suspendfun<Key:Any,Output:Any>Store<Key,Output>.fresh(key:Key)=stream(StoreReadRequest.fresh(key)).filterNot{itisStoreReadResponse.Loading||itisStoreReadResponse.NoNewData}.first().requireData()',
              label: '1',
              title: 'Data Request'
            },
            {
              body: 'FreshDataRequestsBypassClient-SideChecks:Iftherequestisforfreshdata,theStorebypassestheMemoryCache,SourceOfTruth,andValidatorandinvokestheFetcherimmediately.',
    ...
            {
    +         body: 'Ensuresthattheadsafetymechanismsandwriterequestqueuesareinitialized.kotlinCopysafeInitStore(request.key)',
    -         body: 'Ensuresthattheadsafetymechanismsandwriterequestqueuesareinitialized.safeInitStore(request.key)',
              label: '1',
              title: 'Initialization'
            },
            {
    +         body: 'Attemptstoresolveanyconflictsbeforeproceedingwiththereadoperation.kotlinCopytryEagerlyResolveConflicts<Response>(request.key)Ifconflictsexist,triestosynchronizelocalchangeswiththeremotesource.Ifnoconflicts,proceedstodataretrieval.',
    -         body: 'Attemptstoresolveanyconflictsbeforeproceedingwiththereadoperation.tryEagerlyResolveConflicts<Response>(request.key)Ifconflictsexist,triestosynchronizelocalchangeswiththeremotesource.Ifnoconflicts,proceedstodataretrieval.',
              label: '2',
              title: 'Eager Conflict Resolution'
            },
            {
    +         body: 'DelegatesthereadoperationtotheRealStoreinstance.kotlinCopydelegate.stream(request).collect{storeReadResponse->emit(storeReadResponse)}',
    -         body: 'DelegatesthereadoperationtotheRealStoreinstance.delegate.stream(request).collect{storeReadResponse->emit(storeReadResponse)}',
              label: '3',
              title: 'Data Retrieval'
            }
          ],
          nested: false,
    ...
            {
    +         body: 'Thewriterequestisaddedtotheper-keywriterequestqueue.kotlinCopyaddWriteRequestToQueue(writeRequest)',
    -         body: 'Thewriterequestisaddedtotheper-keywriterequestqueue.addWriteRequestToQueue(writeRequest)',
              label: '1',
              title: 'Request Queueing'
            },
            {
    +         body: 'Thevalueisimmediatelywrittentothelocaldatasource.kotlinCopydelegate.write(writeRequest.key,writeRequest.value)',
    -         body: 'Thevalueisimmediatelywrittentothelocaldatasource.delegate.write(writeRequest.key,writeRequest.value)',
              label: '2',
              title: 'Local Update'
            },
            {
    +         body: 'AttemptstoupdatetheremotedatasourceusingtheUpdater.kotlinCopyvalupdaterResult=tryUpdateServer(writeRequest)',
    -         body: 'AttemptstoupdatetheremotedatasourceusingtheUpdater.valupdaterResult=tryUpdateServer(writeRequest)',
              label: '3',
              title: 'Server Synchronization Attempt'
            },
            {
              body: '',
    ...
            {
    +         body: 'EmitsaStoreWriteResponseindicatingsuccessorfailure.kotlinCopyemit(storeWriteResponse)',
    -         body: 'EmitsaStoreWriteResponseindicatingsuccessorfailure.emit(storeWriteResponse)',
              label: '5',
              title: 'Response Emission'
            }
          ],
          nested: false,
    ...
            {
    +         body: 'Updatesthewriterequestqueue,removingprocessedrequests.ClearsanyfailedsyncrecordsfromtheBookkeeper.kotlinCopyupdateWriteRequestQueue<Response>(key=request.key,created=request.created,updaterResult=updaterResult)bookkeeper?.clear(request.key)',
    -         body: 'Updatesthewriterequestqueue,removingprocessedrequests.ClearsanyfailedsyncrecordsfromtheBookkeeper.updateWriteRequestQueue<Response>(key=request.key,created=request.created,updaterResult=updaterResult)bookkeeper?.clear(request.key)',
              label: 'A',
              title: 'Success'
            },
            {
    +         body: 'RecordsthefailedattemptusingtheBookkeeper.kotlinCopybookkeeper?.setLastFailedSync(request.key)',
    -         body: 'RecordsthefailedattemptusingtheBookkeeper.bookkeeper?.setLastFailedSync(request.key)',
              label: 'B',
              title: 'Failure'
            }
          ],
          nested: true,
    ...
            {
    +         body: 'TheStorefetchesdatafromthenetworkusingtheFetcher.kotlinCopyvalnetworkData=fetcher.fetch(key)',
    -         body: 'TheStorefetchesdatafromthenetworkusingtheFetcher.valnetworkData=fetcher.fetch(key)',
              label: '1',
              title: 'Network Fetch'
            },
            {
    +         body: 'ThefetcheddataiswrittentotheSourceofTruthusingthewritemethod.kotlinCopysourceOfTruth.write(key,networkData)',
    -         body: 'ThefetcheddataiswrittentotheSourceofTruthusingthewritemethod.sourceOfTruth.write(key,networkData)',
              label: '2',
              title: 'Write to Source of Truth'
            },
            {
              body: 'Anyactivereaderobservingthekeyisnotifiedofthenewdata.',
    ...
            {
    +         body: 'TheconsumerrequestsdatafromtheStore.kotlinCopyvalrequest=StoreReadRequest.cached(key,refresh)valflow=store.stream(request)',
    -         body: 'TheconsumerrequestsdatafromtheStore.valrequest=StoreReadRequest.cached(key,refresh)valflow=store.stream(request)',
              label: '1',
              title: 'Initiate Read'
            },
            {
    +         body: 'TheStoreinvokesthereadermethodoftheSourceofTruth.kotlinCopyvallocalDataFlow=sourceOfTruth.reader(key)',
    -         body: 'TheStoreinvokesthereadermethodoftheSourceofTruth.vallocalDataFlow=sourceOfTruth.reader(key)',
              label: '2',
              title: 'Source of Truth Reader'
            },
            {
              body: 'TheSourceofTruthemitsdatathroughtheFlowreturnedbythereadermethod,whichtheStorepassestotheconsumer.',
    ...
            {
    +         body: 'Checksiftherequesteddataispresentandvalidinthein-memorycache.kotlinCopyvalcachedToEmit=if(request.shouldSkipCache(CacheType.MEMORY)){null}else{valoutput:Output?=memCache?.getIfPresent(request.key)valisInvalid=output!=null&&validator?.isValid(output)==falsewhen{output==null||isInvalid->nullelse->output}}kotlinCopycachedToEmit?.let{it:Output->emit(StoreReadResponse.Data(value=it,origin=StoreReadResponseOrigin.Cache))}',
    -         body: 'Checksiftherequesteddataispresentandvalidinthein-memorycache.valcachedToEmit=if(request.shouldSkipCache(CacheType.MEMORY)){null}else{valoutput:Output?=memCache?.getIfPresent(request.key)valisInvalid=output!=null&&validator?.isValid(output)==falsewhen{output==null||isInvalid->nullelse->output}}cachedToEmit?.let{it:Output->emit(StoreReadResponse.Data(value=it,origin=StoreReadResponseOrigin.Cache))}',
              label: '1',
              title: 'Memory Cache Check'
            },
            {
    +         body: 'DetermineswhethertoreadfromtheSourceOfTruth,fetchfromthenetwork,orboth.EmitsNoNewDataifneitherSourceOfTruthnornetworkfetchisrequested.kotlinCopyif(sourceOfTruth==null&&!request.fetch){emit(StoreReadResponse.NoNewData(origin=StoreReadResponseOrigin.Cache))return@flow}',
    -         body: 'DetermineswhethertoreadfromtheSourceOfTruth,fetchfromthenetwork,orboth.EmitsNoNewDataifneitherSourceOfTruthnornetworkfetchisrequested.if(sourceOfTruth==null&&!request.fetch){emit(StoreReadResponse.NoNewData(origin=StoreReadResponseOrigin.Cache))return@flow}',
              label: '2',
              title: 'Decide Data Source'
            },
            {
    +         body: 'IfaSourceOfTruthisconfiguredandnotskipped,attemptstoreaddatafromit.kotlinCopyif(request.fetch){diskNetworkCombined(request,sourceOfTruth)}else{sourceOfTruth.reader(request.key,diskLock).transform{response->...}}',
    -         body: 'IfaSourceOfTruthisconfiguredandnotskipped,attemptstoreaddatafromit.if(request.fetch){diskNetworkCombined(request,sourceOfTruth)}else{sourceOfTruth.reader(request.key,diskLock).transform{response->...}}',
              label: '3',
              title: 'Source of Truth Read'
            },
            {
    +         body: 'Ifanetworkfetchisrequired,fetchesdatafromthenetwork.kotlinCopyvalnetworkFlow=createNetworkFlow(request,networkLock)TheFetcherControllerensuresonlyonenetworkcallperkey.',
    -         body: 'Ifanetworkfetchisrequired,fetchesdatafromthenetwork.valnetworkFlow=createNetworkFlow(request,networkLock)TheFetcherControllerensuresonlyonenetworkcallperkey.',
              label: '4',
              title: 'Network Fetch'
            },
            {
    +         body: 'Combinestheflowsfromthenetworkandthesourceoftruthtoemitdatainthecorrectorderandorigintothesubscribers.kotlinCopyemitAll(stream.transform{output:StoreReadResponse<Output>->emit(output)//Updatememorycacheifneeded},)',
    -         body: 'Combinestheflowsfromthenetworkandthesourceoftruthtoemitdatainthecorrectorderandorigintothesubscribers.emitAll(stream.transform{output:StoreReadResponse<Output>->emit(output)//Updatememorycacheifneeded},)',
              label: '5',
              title: 'Combine and Emit Data'
            }
          ],
          nested: false,
    ...
            {
    +         body: 'Updatesthein-memorycachewiththenewdata.kotlinCopymemCache?.put(key,value)',
    -         body: 'Updatesthein-memorycachewiththenewdata.memCache?.put(key,value)',
              label: '1',
              title: 'Update Memory Cache'
            },
            {
    +         body: 'Writesthenewdatatothelocalstorage(sourceoftruth).kotlinCopysourceOfTruth?.write(key,converter.fromOutputToLocal(value))',
    -         body: 'Writesthenewdatatothelocalstorage(sourceoftruth).sourceOfTruth?.write(key,converter.fromOutputToLocal(value))',
              label: '2',
              title: 'Update Source of Truth'
            },
            {
    +         body: 'Catchesanyexceptionsduringthewriteoperationandreturnstheappropriateresult.kotlinCopycatch(error:Throwable){StoreDelegateWriteResult.Error.Exception(error)}',
    -         body: 'Catchesanyexceptionsduringthewriteoperationandreturnstheappropriateresult.catch(error:Throwable){StoreDelegateWriteResult.Error.Exception(error)}',
              label: '3',
              title: 'Error Handling'
            }
          ],
          nested: false,
    ...
            {
    +         body: 'AwriterequestismadetotheStore,updatingthelocaldata.kotlinCopyvalwriteRequest=StoreWriteRequest.of(key,value)mutableStore.write(writeRequest)',
    -         body: 'AwriterequestismadetotheStore,updatingthelocaldata.valwriteRequest=StoreWriteRequest.of(key,value)mutableStore.write(writeRequest)',
              label: '1',
              title: 'Local Mutation'
            },
            {
    +         body: 'Thewriterequestisaddedtoaper-keywriterequestqueueintheRealMutableStore.kotlinCopyaddWriteRequestToQueue(writeRequest)',
    -         body: 'Thewriterequestisaddedtoaper-keywriterequestqueueintheRealMutableStore.addWriteRequestToQueue(writeRequest)',
              label: '2',
              title: 'Queue Write Request'
            },
            {
    +         body: 'TheRealMutableStorewritesthenewvaluetothelocaldatasourceusingadelegateRealStore.kotlinCopydelegate.write(writeRequest.key,writeRequest.value)',
    -         body: 'TheRealMutableStorewritesthenewvaluetothelocaldatasourceusingadelegateRealStore.delegate.write(writeRequest.key,writeRequest.value)',
              label: '3',
              title: 'Update Local Store'
            },
            {
    +         body: 'TheUpdaterattemptstopostthelatestvaluetotheremotedatasource.kotlinCopyvalupdaterResult=updater.post(writeRequest.key,writeRequest.value)',
    -         body: 'TheUpdaterattemptstopostthelatestvaluetotheremotedatasource.valupdaterResult=updater.post(writeRequest.key,writeRequest.value)',
              label: '4',
              title: 'Attempt Server Synchronization'
            },
            {
              body: '',
    ...
            {
    +         body: 'TheRealMutableStoreemitsaStoreWriteResponsetoconsumers,indicatingthesuccessorfailureofthewriteoperation.kotlinCopyemit(storeWriteResponse)',
    -         body: 'TheRealMutableStoreemitsaStoreWriteResponsetoconsumers,indicatingthesuccessorfailureofthewriteoperation.emit(storeWriteResponse)',
              label: '6',
              title: 'Emit Write Response'
            }
          ],
          nested: false,
    ...
            {
    +         body: `AddtheStorelibrarytoyourproject'sdependencies.Sincewe'reworkingwithaKMPproject,we'lladdthedependencytothecommonMainsourceset.tomlCopy[versions]store="5.1.0"[libraries]store={module="org.mobilenativefoundation.store:store5",version.ref="store"}kotlinCopycommonMain{dependencies{implementation(libs.store)}}UnderstandingVersionCatalogs:Thelibs.versions.tomlfileispartofGradle'sVersionCatalogsfeature,whichsimplifiesdependencymanagement.Ifyou'renotusingVersionCatalogs,youcanaddthedependencydirectlytoyourbuild.gradle.kts:kotlinCopydependencies{implementation("org.mobilenativefoundation.store:store5:5.1.0")}FormoreinformationonVersionCatalogs,visittheGradleDocumentation.`,
    -         body: `AddtheStorelibrarytoyourproject'sdependencies.Sincewe'reworkingwithaKMPproject,we'lladdthedependencytothecommonMainsourceset.[versions]store="5.1.0"[libraries]store={module="org.mobilenativefoundation.store:store5",version.ref="store"}commonMain{dependencies{implementation(libs.store)}}UnderstandingVersionCatalogs:Thelibs.versions.tomlfileispartofGradle'sVersionCatalogsfeature,whichsimplifiesdependencymanagement.Ifyou'renotusingVersionCatalogs,youcanaddthedependencydirectlytoyourbuild.gradle.kts:dependencies{implementation("org.mobilenativefoundation.store:store5:5.1.0")}FormoreinformationonVersionCatalogs,visittheGradleDocumentation.`,
              label: '1',
              title: 'Add the Dependency'
            },
            {
              body: 'Afteraddingthedependency,syncyourprojectwithGradletodownloadtheStorelibrary.',
    ...
            {
    +         body: "Definethemodelsforapost.kotlinCopypackageorg.mobilenativefoundation.trails.backend.models@SerializabledataclassPostNetworkModel(valid:Int,valcreatorId:Int,valcaption:String?,valplatform:Platform,valcreatedAt:LocalDateTime,vallikesCount:Long,valcommentsCount:Long,valsharesCount:Long,valviewsCount:Long,valisSponsored:Boolean,vallocationName:String?,valcoverUrl:String,valisFavoritedByCurrentUser:Boolean)sqlCopypackageorg.mobilenativefoundation.trails.xplat.lib.dbCREATETABLEpostEntity(idINTEGERPRIMARYKEY,creator_idINTEGERNOTNULL,captionTEXT,created_atTEXTNOTNULL,likes_countINTEGERNOTNULL,comments_countINTEGERNOTNULL,shares_countINTEGERNOTNULL,views_countINTEGERNOTNULL,is_sponsoredINTEGERNOTNULL,cover_urlTEXTNOTNULL,platformTEXTASPlatformNOTNULL,location_nameTEXT,is_favorited_by_current_userINTEGERNOTNULL,FOREIGNKEY(creator_id)REFERENCEScreatorEntity(id));kotlinCopypackageorg.mobilenativefoundation.trails.xplat.lib.modelsdataclassPost(valid:Int,valcreatorId:Int,valcaption:String?,valcreatedAt:LocalDateTime,vallikesCount:Long,valcommentsCount:Long,valsharesCount:Long,valviewsCount:Long,valisSponsored:Boolean,valcoverURL:String,valplatform:Platform,vallocationName:String?,valisFavoritedByCurrentUser:Boolean)UsingSqlDelightforLocalDatabaseModels:TheSQLschemadefinedusingSqlDelightwillgenerateKotlinmodelsforyou.Here'showthePostEntityclassmightlookaftergeneration:kotlinCopydataclassPostEntity(valid:Long,valcreator_id:Long,valcaption:String?,valcreated_at:String,vallikes_count:Long,valcomments_count:Long,valshares_count:Long,valviews_count:Long,valis_sponsored:Long,valcover_url:String,valplatform:Platform,vallocation_name:String?,valis_favorited_by_current_user:Long)FormoredetailsonhowSqlDelightgeneratesKotlinclassesfromSQLschemas,checkouttheSqlDelightDocs.",
    -         body: "Definethemodelsforapost.packageorg.mobilenativefoundation.trails.backend.models@SerializabledataclassPostNetworkModel(valid:Int,valcreatorId:Int,valcaption:String?,valplatform:Platform,valcreatedAt:LocalDateTime,vallikesCount:Long,valcommentsCount:Long,valsharesCount:Long,valviewsCount:Long,valisSponsored:Boolean,vallocationName:String?,valcoverUrl:String,valisFavoritedByCurrentUser:Boolean)packageorg.mobilenativefoundation.trails.xplat.lib.dbCREATETABLEpostEntity(idINTEGERPRIMARYKEY,creator_idINTEGERNOTNULL,captionTEXT,created_atTEXTNOTNULL,likes_countINTEGERNOTNULL,comments_countINTEGERNOTNULL,shares_countINTEGERNOTNULL,views_countINTEGERNOTNULL,is_sponsoredINTEGERNOTNULL,cover_urlTEXTNOTNULL,platformTEXTASPlatformNOTNULL,location_nameTEXT,is_favorited_by_current_userINTEGERNOTNULL,FOREIGNKEY(creator_id)REFERENCEScreatorEntity(id));packageorg.mobilenativefoundation.trails.xplat.lib.modelsdataclassPost(valid:Int,valcreatorId:Int,valcaption:String?,valcreatedAt:LocalDateTime,vallikesCount:Long,valcommentsCount:Long,valsharesCount:Long,valviewsCount:Long,valisSponsored:Boolean,valcoverURL:String,valplatform:Platform,vallocationName:String?,valisFavoritedByCurrentUser:Boolean)UsingSqlDelightforLocalDatabaseModels:TheSQLschemadefinedusingSqlDelightwillgenerateKotlinmodelsforyou.Here'showthePostEntityclassmightlookaftergeneration:dataclassPostEntity(valid:Long,valcreator_id:Long,valcaption:String?,valcreated_at:String,vallikes_count:Long,valcomments_count:Long,valshares_count:Long,valviews_count:Long,valis_sponsored:Long,valcover_url:String,valplatform:Platform,vallocation_name:String?,valis_favorited_by_current_user:Long)FormoredetailsonhowSqlDelightgeneratesKotlinclassesfromSQLschemas,checkouttheSqlDelightDocs.",
              label: '1',
              title: 'Define the Data Models'
            },
            {
    +         body: `Defineandimplementaninterfaceforyournetworkcalls.Inthisexample,we'lluseKtorforHTTPrequests.DependencyInjectionContext:Trailsuseskotlin-inject,acompile-timedependencyinjectionlibraryforKotlin.The@Injectannotationindicatesaclasscanbeinjected.kotlinCopypackageorg.mobilenativefoundation.trails.xplat.lib.rest.apiinterfacePostOperations{suspendfungetPost(id:Int):PostNetworkModelsuspendfunupdatePost(post:PostNetworkModel):Boolean}interfaceTrailsApi:PostOperationskotlinCopypackageorg.mobilenativefoundation.trails.xplat.lib.rest.implinternalobjectTrailsEndpoints{privateconstvalROOT_API_URL="https://api.trails.mattramotar.dev"fungetPost(id:Int)="$ROOT_API_URL/posts/$id"funupdatePost(id:Int)="$ROOT_API_URL/posts/$id"}@InjectclassRealPostOperations(privatevalhttpClient:HttpClient=httpClient()):PostOperations{overridesuspendfungetPost(id:Int):PostNetworkModel{valurl=TrailsEndpoints.getPost(id)valresponse=httpClient.get(url)returnresponse.body()}overridesuspendfunupdatePost(post:PostNetworkModel):Boolean{valurl=TrailsEndpoints.updatePost(post.id)valresponse=httpClient.put(url){setBody(post)}returnresponse.body()}}@InjectclassRealTrailsClient(privatevalpostOperations:PostOperations):TrailsClient,PostOperationsbypostOperations`,
    -         body: `Defineandimplementaninterfaceforyournetworkcalls.Inthisexample,we'lluseKtorforHTTPrequests.DependencyInjectionContext:Trailsuseskotlin-inject,acompile-timedependencyinjectionlibraryforKotlin.The@Injectannotationindicatesaclasscanbeinjected.packageorg.mobilenativefoundation.trails.xplat.lib.rest.apiinterfacePostOperations{suspendfungetPost(id:Int):PostNetworkModelsuspendfunupdatePost(post:PostNetworkModel):Boolean}interfaceTrailsApi:PostOperationspackageorg.mobilenativefoundation.trails.xplat.lib.rest.implinternalobjectTrailsEndpoints{privateconstvalROOT_API_URL="https://api.trails.mattramotar.dev"fungetPost(id:Int)="$ROOT_API_URL/posts/$id"funupdatePost(id:Int)="$ROOT_API_URL/posts/$id"}@InjectclassRealPostOperations(privatevalhttpClient:HttpClient=httpClient()):PostOperations{overridesuspendfungetPost(id:Int):PostNetworkModel{valurl=TrailsEndpoints.getPost(id)valresponse=httpClient.get(url)returnresponse.body()}overridesuspendfunupdatePost(post:PostNetworkModel):Boolean{valurl=TrailsEndpoints.updatePost(post.id)valresponse=httpClient.put(url){setBody(post)}returnresponse.body()}}@InjectclassRealTrailsClient(privatevalpostOperations:PostOperations):TrailsClient,PostOperationsbypostOperations`,
              label: '2',
              title: 'Create the API Interface'
            },
            {
    +         body: 'Weneedtoconvertbetweenournetworkmodel,domainmodel,andlocaldatabasemodel.kotlinCopypackageorg.mobilenativefoundation.trails.xplat.lib.market.post.impl.extensionsobjectPostExtensions{//Convertfromthenetworkmodeltothedomainmodel.funPostNetworkModel.asPost():Post{returnPost(id=this.id,creatorId=this.creatorId,caption=this.caption,createdAt=this.createdAt,likesCount=this.likesCount,commentsCount=this.commentsCount,sharesCount=this.sharesCount,viewsCount=this.viewsCount,isSponsored=this.isSponsored,coverURL=this.coverUrl,platform=this.platform.asPlatform(),locationName=this.locationName,isFavoritedByCurrentUser=this.isFavoritedByCurrentUser)}}kotlinCopypackageorg.mobilenativefoundation.trails.xplat.lib.market.post.impl.extensionsobjectPostExtensions{//Convertfromthelocaldatabasemodeltothedomainmodel.funPostEntity.asPost():Post{returnPost(id=this.id.toInt(),creatorId=this.creator_id.toInt(),caption=this.caption,createdAt=LocalDateTime.parse(this.created_at),likesCount=this.likes_count.toLong(),commentsCount=this.comments_count.toLong(),sharesCount=this.shares_count.toLong(),viewsCount=this.views_count.toLong(),isSponsored=this.is_sponsored==1L,coverURL=this.cover_url,platform=this.platform,locationName=this.location_name,isFavoritedByCurrentUser=this.is_favorited_by_current_user==1L)}}kotlinCopypackageorg.mobilenativefoundation.trails.xplat.lib.market.post.impl.extensionsobjectPostExtensions{//Convertfromthedomainmodeltothelocaldatabasemodel.funPost.asPostEntity():PostEntity{returnPostEntity(id=this.id.toLong(),creator_id=this.creatorId.toLong(),caption=this.caption,created_at=createdAt.toString(),likes_count=this.likesCount,comments_count=this.commentsCount,shares_count=this.sharesCount,views_count=this.viewsCount,is_sponsored=if(this.isSponsored)1else0,cover_url=this.coverURL,platform=this.platform,location_name=this.locationName,is_favorited_by_current_user=if(this.isFavoritedByCurrentUser)1else0)}}kotlinCopypackageorg.mobilenativefoundation.trails.xplat.lib.market.post.impl.extensionsobjectPostExtensions{//Convertfromthedomainmodeltothenetworkmodel.funPost.asNetworkModel():PostNetworkModel{returnPostNetworkModel(id=this.id,creatorId=this.creatorId,caption=this.caption,createdAt=createdAt,likesCount=this.likesCount,commentsCount=this.commentsCount,sharesCount=this.sharesCount,viewsCount=this.viewsCount,isSponsored=isSponsored,coverUrl=this.coverURL,platform=this.platform.asNetworkModel(),locationName=this.locationName,isFavoritedByCurrentUser=this.isFavoritedByCurrentUser)}}',
    -         body: 'Weneedtoconvertbetweenournetworkmodel,domainmodel,andlocaldatabasemodel.packageorg.mobilenativefoundation.trails.xplat.lib.market.post.impl.extensionsobjectPostExtensions{//Convertfromthenetworkmodeltothedomainmodel.funPostNetworkModel.asPost():Post{returnPost(id=this.id,creatorId=this.creatorId,caption=this.caption,createdAt=this.createdAt,likesCount=this.likesCount,commentsCount=this.commentsCount,sharesCount=this.sharesCount,viewsCount=this.viewsCount,isSponsored=this.isSponsored,coverURL=this.coverUrl,platform=this.platform.asPlatform(),locationName=this.locationName,isFavoritedByCurrentUser=this.isFavoritedByCurrentUser)}}packageorg.mobilenativefoundation.trails.xplat.lib.market.post.impl.extensionsobjectPostExtensions{//Convertfromthelocaldatabasemodeltothedomainmodel.funPostEntity.asPost():Post{returnPost(id=this.id.toInt(),creatorId=this.creator_id.toInt(),caption=this.caption,createdAt=LocalDateTime.parse(this.created_at),likesCount=this.likes_count.toLong(),commentsCount=this.comments_count.toLong(),sharesCount=this.shares_count.toLong(),viewsCount=this.views_count.toLong(),isSponsored=this.is_sponsored==1L,coverURL=this.cover_url,platform=this.platform,locationName=this.location_name,isFavoritedByCurrentUser=this.is_favorited_by_current_user==1L)}}packageorg.mobilenativefoundation.trails.xplat.lib.market.post.impl.extensionsobjectPostExtensions{//Convertfromthedomainmodeltothelocaldatabasemodel.funPost.asPostEntity():PostEntity{returnPostEntity(id=this.id.toLong(),creator_id=this.creatorId.toLong(),caption=this.caption,created_at=createdAt.toString(),likes_count=this.likesCount,comments_count=this.commentsCount,shares_count=this.sharesCount,views_count=this.viewsCount,is_sponsored=if(this.isSponsored)1else0,cover_url=this.coverURL,platform=this.platform,location_name=this.locationName,is_favorited_by_current_user=if(this.isFavoritedByCurrentUser)1else0)}}packageorg.mobilenativefoundation.trails.xplat.lib.market.post.impl.extensionsobjectPostExtensions{//Convertfromthedomainmodeltothenetworkmodel.funPost.asNetworkModel():PostNetworkModel{returnPostNetworkModel(id=this.id,creatorId=this.creatorId,caption=this.caption,createdAt=createdAt,likesCount=this.likesCount,commentsCount=this.commentsCount,sharesCount=this.sharesCount,viewsCount=this.viewsCount,isSponsored=isSponsored,coverUrl=this.coverURL,platform=this.platform.asNetworkModel(),locationName=this.locationName,isFavoritedByCurrentUser=this.isFavoritedByCurrentUser)}}',
              label: '3',
              title: 'Implement Converters'
            },
            {
    +         body: "We'lluseafactoryforcreatingaPostStoreinstance.AbouttheTODO()Placeholders:TheTODO()placeholdersindicatewhereimplementationswillbeprovidedinthesubsequentsteps.kotlinCopypackageorg.mobilenativefoundation.trails.xplat.lib.market.post.impl.storetypealiasPostStore=Store<Int,Post>classPostStoreFactory(privatevalclient:PostOperations,privatevaltrailsDatabase:TrailsDatabase,){funcreate():PostStore{TODO()}privatefuncreateFetcher():Fetcher<Int,PostNetworkModel>{TODO()}privatefuncreateSourceOfTruth():SourceOfTruth<Int,PostEntity,Post>{TODO()}privatefuncreateConverter():Converter<PostNetworkModel,PostEntity,Post>{TODO()}privatefuncreateUpdater():Updater<Int,Post,Boolean>{TODO()}privatefuncreateBookkeeper():Bookkeeper<Int>{TODO()}}",
    -         body: "We'lluseafactoryforcreatingaPostStoreinstance.AbouttheTODO()Placeholders:TheTODO()placeholdersindicatewhereimplementationswillbeprovidedinthesubsequentsteps.packageorg.mobilenativefoundation.trails.xplat.lib.market.post.impl.storetypealiasPostStore=Store<Int,Post>classPostStoreFactory(privatevalclient:PostOperations,privatevaltrailsDatabase:TrailsDatabase,){funcreate():PostStore{TODO()}privatefuncreateFetcher():Fetcher<Int,PostNetworkModel>{TODO()}privatefuncreateSourceOfTruth():SourceOfTruth<Int,PostEntity,Post>{TODO()}privatefuncreateConverter():Converter<PostNetworkModel,PostEntity,Post>{TODO()}privatefuncreateUpdater():Updater<Int,Post,Boolean>{TODO()}privatefuncreateBookkeeper():Bookkeeper<Int>{TODO()}}",
              label: '4',
              title: 'Set Up the Store Factory'
            },
            {
    +         body: 'OurFetcherwillinteractwiththenetworkdatasourceusingthePostOperationsinterface.kotlinCopypackageorg.mobilenativefoundation.trails.xplat.lib.market.post.impl.storeprivatefuncreateFetcher():Fetcher<Int,PostNetworkModel>=Fetcher.of{id->//Fetchpostfromthenetworkclient.getPost(id)?:throwIllegalArgumentException("PostwithID$idnotfound.")}',
    -         body: 'OurFetcherwillinteractwiththenetworkdatasourceusingthePostOperationsinterface.packageorg.mobilenativefoundation.trails.xplat.lib.market.post.impl.storeprivatefuncreateFetcher():Fetcher<Int,PostNetworkModel>=Fetcher.of{id->//Fetchpostfromthenetworkclient.getPost(id)?:throwIllegalArgumentException("PostwithID$idnotfound.")}',
              label: '5',
              title: 'Implement the Fetcher'
            },
            {
    +         body: 'OurSourceofTruthwilldelegatetoalocalSqlDelightdatabase.kotlinCopypackageorg.mobilenativefoundation.trails.xplat.lib.market.post.impl.storeprivatefuncreateSourceOfTruth():SourceOfTruth<Int,PostEntity,Post>=SourceOfTruth.of(reader={id->flow{//Querythedatabaseforapostemit(trailsDatabase.postQueries.selectPostById(id.toLong()))}},writer={_,postEntity->trailsDatabase.postQueries.insertPost(postEntity)})ObservingDatabaseChangesOverTime:ToensureyourSourceOfTruthobserveschangesinthedatabase,useasFlow()andappropriatemappingfunctions.kotlinCopytrailsDatabase.postQueries.selectPostById(id.toLong()).asFlow().mapToOneOrNull()',
    -         body: 'OurSourceofTruthwilldelegatetoalocalSqlDelightdatabase.packageorg.mobilenativefoundation.trails.xplat.lib.market.post.impl.storeprivatefuncreateSourceOfTruth():SourceOfTruth<Int,PostEntity,Post>=SourceOfTruth.of(reader={id->flow{//Querythedatabaseforapostemit(trailsDatabase.postQueries.selectPostById(id.toLong()))}},writer={_,postEntity->trailsDatabase.postQueries.insertPost(postEntity)})ObservingDatabaseChangesOverTime:ToensureyourSourceOfTruthobserveschangesinthedatabase,useasFlow()andappropriatemappingfunctions.trailsDatabase.postQueries.selectPostById(id.toLong()).asFlow().mapToOneOrNull()',
              label: '6',
              title: 'Implement the Source of Truth'
            },
            {
    +         body: "OurConverterwillconvertbetweenournetworkmodel,localdatabasemodel,anddomainmodelusingthePostExtensionsobject.UnderstandingtheConverter'sRole:TheConverterbridgesthegapbetweenthenetworkmodel,localdatabasemodel,anddomainmodelwithintheStore.Whileyouhaveextensionfunctionsforconversions,theConverterintegratestheseintotheStore'spipeline,ensuringdataflowscorrectlythrougheachlayer.kotlinCopypackageorg.mobilenativefoundation.trails.xplat.lib.market.post.impl.storeprivatefuncreateConverter():Converter<PostNetworkModel,PostEntity,Post>=Converter.Builder<PostNetworkModel,PostEntity,Post>().fromOutputToLocal{post->post.asPostEntity()}.fromNetworkToLocal{postNetworkModel->postNetworkModel.asPost()}.build()",
    -         body: "OurConverterwillconvertbetweenournetworkmodel,localdatabasemodel,anddomainmodelusingthePostExtensionsobject.UnderstandingtheConverter'sRole:TheConverterbridgesthegapbetweenthenetworkmodel,localdatabasemodel,anddomainmodelwithintheStore.Whileyouhaveextensionfunctionsforconversions,theConverterintegratestheseintotheStore'spipeline,ensuringdataflowscorrectlythrougheachlayer.packageorg.mobilenativefoundation.trails.xplat.lib.market.post.impl.storeprivatefuncreateConverter():Converter<PostNetworkModel,PostEntity,Post>=Converter.Builder<PostNetworkModel,PostEntity,Post>().fromOutputToLocal{post->post.asPostEntity()}.fromNetworkToLocal{postNetworkModel->postNetworkModel.asPost()}.build()",
              label: '7',
              title: 'Implement the Converter'
            },
            {
    +         body: 'OurUpdaterwillmakeanetworkcalltoupdatethepost.kotlinCopypackageorg.mobilenativefoundation.trails.xplat.lib.market.post.impl.storeprivatefuncreateUpdater():Updater<Int,Post,Boolean>=Updater.by(post={_,updatedPost->valnetworkModel=updatedPost.asNetworkModel()valsuccess=client.updatePost(networkModel)if(success){UpdaterResult.Success.Typed(success)}else{UpdaterResult.Error.Message("Somethingwentwrong.")}})',
    -         body: 'OurUpdaterwillmakeanetworkcalltoupdatethepost.packageorg.mobilenativefoundation.trails.xplat.lib.market.post.impl.storeprivatefuncreateUpdater():Updater<Int,Post,Boolean>=Updater.by(post={_,updatedPost->valnetworkModel=updatedPost.asNetworkModel()valsuccess=client.updatePost(networkModel)if(success){UpdaterResult.Success.Typed(success)}else{UpdaterResult.Error.Message("Somethingwentwrong.")}})',
              label: '8',
              title: 'Implement the Updater'
            },
            {
    +         body: 'OurBookkeeperkeepstrackoffailedsyncstoenableeagerlyresolvingconflictsafterlocalmutations.kotlinCopypackageorg.mobilenativefoundation.trails.xplat.lib.market.post.impl.storeprivatefuncreateBookkeeper():Bookkeeper<Int>=Bookkeeper.by(getLastFailedSync={id->trailsDatabase.postBookkeepingQueries.selectMostRecentFailedSync(id).executeAsOneOrNull()?.let{failedSync->timestampToEpochMilliseconds(timestamp=failedSync.timestamp)}},setLastFailedSync={id,timestamp->try{trailsDatabase.postBookkeepingQueries.insertFailedSync(PostFailedSync(post_id=id,timestamp=epochMillisecondsToTimestamp(timestamp)))true}catch(e:SQLException){//Handletheexceptionfalse}},clear={id->try{trailsDatabase.postBookkeepingQueries.clearByPostId(id)true}catch(e:SQLException){//Handletheexceptionfalse}},clearAll={try{trailsDatabase.postBookkeepingQueries.clearAll()true}catch(e:SQLException){//Handletheexceptionfalse}})',
    -         body: 'OurBookkeeperkeepstrackoffailedsyncstoenableeagerlyresolvingconflictsafterlocalmutations.packageorg.mobilenativefoundation.trails.xplat.lib.market.post.impl.storeprivatefuncreateBookkeeper():Bookkeeper<Int>=Bookkeeper.by(getLastFailedSync={id->trailsDatabase.postBookkeepingQueries.selectMostRecentFailedSync(id).executeAsOneOrNull()?.let{failedSync->timestampToEpochMilliseconds(timestamp=failedSync.timestamp)}},setLastFailedSync={id,timestamp->try{trailsDatabase.postBookkeepingQueries.insertFailedSync(PostFailedSync(post_id=id,timestamp=epochMillisecondsToTimestamp(timestamp)))true}catch(e:SQLException){//Handletheexceptionfalse}},clear={id->try{trailsDatabase.postBookkeepingQueries.clearByPostId(id)true}catch(e:SQLException){//Handletheexceptionfalse}},clearAll={try{trailsDatabase.postBookkeepingQueries.clearAll()true}catch(e:SQLException){//Handletheexceptionfalse}})',
              label: '9',
              title: 'Implement the Bookkeeper'
            },
            {
    +         body: "ProvidetheimplementationstotheStoreBuilder.HowComponentsWorkTogether:EachcomponentoftheStorehasaspecificrole:Fetcher:Retrievesdatafromthenetwork.SourceofTruth:Manageslocaldatastorage.Converter:Handlesdatatransformationsbetweenmodels.Updater:Syncslocalchangesbacktothenetwork.Bookkeeper:Keepstrackoffailedupdatesforretrymechanisms.Byintegratingthesecomponents,theStoreefficientlymanagesdataflowbetweenthenetwork,localstorage,andyourapp'sUI.kotlinCopypackageorg.mobilenativefoundation.trails.xplat.lib.market.post.impl.storeclassPostStoreFactory(privatevalclient:PostOperations,privatevaltrailsDatabase:TrailsDatabase,){funcreate():PostStore{returnMutableStoreBuilder.from(fetcher=createFetcher(),sourceOfTruth=createSourceOfTruth(),converter=createConverter()).build(updater=createUpdater(),bookkeeper=createBookkeeper())}privatefuncreateFetcher():Fetcher<Int,PostNetworkModel>{...}privatefuncreateSourceOfTruth():SourceOfTruth<Int,PostEntity,Post>{...}privatefuncreateConverter():Converter<PostNetworkModel,PostEntity,Post>{...}privatefuncreateUpdater():Updater<Int,Post,Boolean>{...}privatefuncreateBookkeeper():Bookkeeper<Int>{...}}",
    -         body: "ProvidetheimplementationstotheStoreBuilder.HowComponentsWorkTogether:EachcomponentoftheStorehasaspecificrole:Fetcher:Retrievesdatafromthenetwork.SourceofTruth:Manageslocaldatastorage.Converter:Handlesdatatransformationsbetweenmodels.Updater:Syncslocalchangesbacktothenetwork.Bookkeeper:Keepstrackoffailedupdatesforretrymechanisms.Byintegratingthesecomponents,theStoreefficientlymanagesdataflowbetweenthenetwork,localstorage,andyourapp'sUI.packageorg.mobilenativefoundation.trails.xplat.lib.market.post.impl.storeclassPostStoreFactory(privatevalclient:PostOperations,privatevaltrailsDatabase:TrailsDatabase,){funcreate():PostStore{returnMutableStoreBuilder.from(fetcher=createFetcher(),sourceOfTruth=createSourceOfTruth(),converter=createConverter()).build(updater=createUpdater(),bookkeeper=createBookkeeper())}privatefuncreateFetcher():Fetcher<Int,PostNetworkModel>{...}privatefuncreateSourceOfTruth():SourceOfTruth<Int,PostEntity,Post>{...}privatefuncreateConverter():Converter<PostNetworkModel,PostEntity,Post>{...}privatefuncreateUpdater():Updater<Int,Post,Boolean>{...}privatefuncreateBookkeeper():Bookkeeper<Int>{...}}",
              label: '10',
              title: 'Build the Store'
            }
          ],
          nested: false,
    ...
            {
    +         body: "We'llcreateaPostRepositorythatusesthePostStoretofetchandcachepostdata.TheprimaryreasonforthisextralayerisitenablesustoextractStorefromthedomainlayerasanimplementationdetailofthePostRepository.ItalsoenablesustoaddadditionalmethodsandstrategiestothePostRepositoryinthefuture.PostRepositoryisfeatureagnostic.WedefinethePostRepositoryunderthecommonlib/market/post/apinamespaceandimplementitinthelib/market/post/implmoduletofacilitateitsreuseacrossfeatures.Consumerscandependonthelib/market/post/apimodulewithoutbeingexposedtotheimplementationdetails,suchasthePostStore.Amarketisacompositionofstoresandsystemsenablingexchangebetweenconsumersandproviders.kotlinCopypackageorg.mobilenativefoundation.trails.xplat.lib.market.post.apiinterfacePostRepository{suspendfungetPost(id:Int):Post?suspendfunupdatePost(postId:Int,likesCount:Long?=null,commentsCount:Long?=null,sharesCount:Long?=null,viewsCount:Long?=null,isFavoritedByCurrentUser:Boolean?=null):Post}kotlinCopypackageorg.mobilenativefoundation.trails.xplat.lib.market.post.impl@InjectclassRealPostRepository(privatevalpostStore:PostStore):PostRepository{overridesuspendfungetPost(id:Int):Post?{returnpostStore.fresh<Int,Post,Boolean>(id)}overridesuspendfunupdatePost(postId:Int,likesCount:Long?,commentsCount:Long?,sharesCount:Long?,viewsCount:Long?,isFavoritedByCurrentUser:Boolean?):Post{valprevPost=postStore.get<Int,Post,Boolean>(postId)valnextPost=prevPost.copy(likesCount=likesCount?:prevPost.likesCount,commentsCount=commentsCount?:prevPost.commentsCount,sharesCount=sharesCount?:prevPost.sharesCount,viewsCount=viewsCount?:prevPost.viewsCount,isFavoritedByCurrentUser=isFavoritedByCurrentUser?:prevPost.isFavoritedByCurrentUser)valwriteRequest=StoreWriteRequest.of<Int,Post,Boolean>(key=postId,value=nextPost)returnwhen(postStore.write(writeRequest)){isStoreWriteResponse.Error->prevPostisStoreWriteResponse.Success->nextPost}}}",
    -         body: "We'llcreateaPostRepositorythatusesthePostStoretofetchandcachepostdata.TheprimaryreasonforthisextralayerisitenablesustoextractStorefromthedomainlayerasanimplementationdetailofthePostRepository.ItalsoenablesustoaddadditionalmethodsandstrategiestothePostRepositoryinthefuture.PostRepositoryisfeatureagnostic.WedefinethePostRepositoryunderthecommonlib/market/post/apinamespaceandimplementitinthelib/market/post/implmoduletofacilitateitsreuseacrossfeatures.Consumerscandependonthelib/market/post/apimodulewithoutbeingexposedtotheimplementationdetails,suchasthePostStore.Amarketisacompositionofstoresandsystemsenablingexchangebetweenconsumersandproviders.packageorg.mobilenativefoundation.trails.xplat.lib.market.post.apiinterfacePostRepository{suspendfungetPost(id:Int):Post?suspendfunupdatePost(postId:Int,likesCount:Long?=null,commentsCount:Long?=null,sharesCount:Long?=null,viewsCount:Long?=null,isFavoritedByCurrentUser:Boolean?=null):Post}packageorg.mobilenativefoundation.trails.xplat.lib.market.post.impl@InjectclassRealPostRepository(privatevalpostStore:PostStore):PostRepository{overridesuspendfungetPost(id:Int):Post?{returnpostStore.fresh<Int,Post,Boolean>(id)}overridesuspendfunupdatePost(postId:Int,likesCount:Long?,commentsCount:Long?,sharesCount:Long?,viewsCount:Long?,isFavoritedByCurrentUser:Boolean?):Post{valprevPost=postStore.get<Int,Post,Boolean>(postId)valnextPost=prevPost.copy(likesCount=likesCount?:prevPost.likesCount,commentsCount=commentsCount?:prevPost.commentsCount,sharesCount=sharesCount?:prevPost.sharesCount,viewsCount=viewsCount?:prevPost.viewsCount,isFavoritedByCurrentUser=isFavoritedByCurrentUser?:prevPost.isFavoritedByCurrentUser)valwriteRequest=StoreWriteRequest.of<Int,Post,Boolean>(key=postId,value=nextPost)returnwhen(postStore.write(writeRequest)){isStoreWriteResponse.Error->prevPostisStoreWriteResponse.Success->nextPost}}}",
              label: '1',
              title: 'Create a Post Repository'
            },
            {
    +         body: 'TrailsisbuiltwithaCircuitarchitecture.BeforewecaninteractwiththePostRepository,weneedtodefinetheScreen,State,andEventclasses.kotlinCopypackageorg.mobilenativefoundation.trails.xplat.feat.postDetailScreen.apiinterfacePostDetailScreen:Screen{sealedinterfaceState:CircuitUiState{dataclassLoaded(valpost:Post,valeventSink:(Event)->Unit,):StatedataobjectLoading:State}sealedinterfaceEvent:CircuitUiEvent{dataobjectFavorite:EventdataobjectUnfavorite:Event}interfaceUI:CircuitUI<State>interfacePresenter:CircuitPresenter<State>}',
    -         body: 'TrailsisbuiltwithaCircuitarchitecture.BeforewecaninteractwiththePostRepository,weneedtodefinetheScreen,State,andEventclasses.packageorg.mobilenativefoundation.trails.xplat.feat.postDetailScreen.apiinterfacePostDetailScreen:Screen{sealedinterfaceState:CircuitUiState{dataclassLoaded(valpost:Post,valeventSink:(Event)->Unit,):StatedataobjectLoading:State}sealedinterfaceEvent:CircuitUiEvent{dataobjectFavorite:EventdataobjectUnfavorite:Event}interfaceUI:CircuitUI<State>interfacePresenter:CircuitPresenter<State>}',
              label: '2',
              title: 'Define the Post Detail Screen'
            },
            {
    +         body: "ACircuitPresenterisintendedtobethebusinesslogicforascreen'sUIandatranslationlayerinfrontofthedatalayer.OurPostDetailScreenPresenterwillusethePostRepositorytoloadthepostdataandupdatetheUIinresponsetouseractions.kotlinCopypackageorg.mobilenativefoundation.trails.xplat.feat.postDetailScreen.impl@InjectclassPostDetailScreenPresenter(privatevalpostRepository:PostRepository,@AssistedprivatevalpostId:Int):PostDetailScreen.Presenter{@Composableoverridefunpresent():PostDetailScreen.State{varpost:Post?byremember{mutableStateOf(null)}LaunchedEffect(postId){post=postRepository.getPost(postId)}returnif(post!=null){PostDetailScreen.State.Loaded(post,eventSink=::handleEvent)}else{PostDetailScreen.State.Loading}}privatefunhandleEvent(prevState:PostDetailScreen.State,event:PostDetailScreen.Event){when(event){isPostDetailScreen.Event.Favorite->handleFavorite(prevState)isPostDetailScreen.Event.Unfavorite->handleUnfavorite(prevState)}}privatefunhandleFavorite(prevState:PostDetailScreen.State){valnextPost=postRepository.updatePost(postId=postId,isFavoritedByCurrentUser=true,likesCount=prevState.post.likesCount+1)post=nextPost}privatefunhandleUnfavorite(prevState:PostDetailScreen.State){valnextPost=postRepository.updatePost(postId=postId,isFavoritedByCurrentUser=false,likesCount=prevState.post.likesCount-1)post=nextPost}}",
    -         body: "ACircuitPresenterisintendedtobethebusinesslogicforascreen'sUIandatranslationlayerinfrontofthedatalayer.OurPostDetailScreenPresenterwillusethePostRepositorytoloadthepostdataandupdatetheUIinresponsetouseractions.packageorg.mobilenativefoundation.trails.xplat.feat.postDetailScreen.impl@InjectclassPostDetailScreenPresenter(privatevalpostRepository:PostRepository,@AssistedprivatevalpostId:Int):PostDetailScreen.Presenter{@Composableoverridefunpresent():PostDetailScreen.State{varpost:Post?byremember{mutableStateOf(null)}LaunchedEffect(postId){post=postRepository.getPost(postId)}returnif(post!=null){PostDetailScreen.State.Loaded(post,eventSink=::handleEvent)}else{PostDetailScreen.State.Loading}}privatefunhandleEvent(prevState:PostDetailScreen.State,event:PostDetailScreen.Event){when(event){isPostDetailScreen.Event.Favorite->handleFavorite(prevState)isPostDetailScreen.Event.Unfavorite->handleUnfavorite(prevState)}}privatefunhandleFavorite(prevState:PostDetailScreen.State){valnextPost=postRepository.updatePost(postId=postId,isFavoritedByCurrentUser=true,likesCount=prevState.post.likesCount+1)post=nextPost}privatefunhandleUnfavorite(prevState:PostDetailScreen.State){valnextPost=postRepository.updatePost(postId=postId,isFavoritedByCurrentUser=false,likesCount=prevState.post.likesCount-1)post=nextPost}}",
              label: '3',
              title: 'Implement the Post Detail Presenter'
            },
            {
    +         body: 'kotlinCopypackageorg.mobilenativefoundation.trails.xplat.feat.postDetailScreen.impl@InjectclassPostDetailScreenUI:PostDetailScreen.UI{@ComposableoverridefunContent(state:PostDetailScreen.State,modifier:Modifier){when(state){isPostDetailScreen.State.Loading->{LoadingView()}isPostDetailScreen.State.Loaded->{PostDetailView(post=state.post,onFavorite={state.eventSink(PostDetailScreen.Event.Favorite)},onUnfavorite={state.eventSink(PostDetailScreen.Event.Unfavorite)})}}}}',
    -         body: 'packageorg.mobilenativefoundation.trails.xplat.feat.postDetailScreen.impl@InjectclassPostDetailScreenUI:PostDetailScreen.UI{@ComposableoverridefunContent(state:PostDetailScreen.State,modifier:Modifier){when(state){isPostDetailScreen.State.Loading->{LoadingView()}isPostDetailScreen.State.Loaded->{PostDetailView(post=state.post,onFavorite={state.eventSink(PostDetailScreen.Event.Favorite)},onUnfavorite={state.eventSink(PostDetailScreen.Event.Unfavorite)})}}}}',
              label: '4',
              title: 'Display the Post Detail Screen'
            }
          ],
          nested: false,
    
  code: 'ERR_ASSERTION'
  name: 'AssertionError'
  expected:
    0:
      items:
        0:
          body: 'Theapplicationmakesalocalchangethatneedstobesyncedwiththeremotesource.'
          label: '1'
          title: 'Local Changes Made'
        1:
          body: 'TheStoreattemptstoupdatetheremotesourceusingtheUpdater.'
          label: '2'
          title: 'Sync Attempt'
        2:
          body: 'OnSuccess:Ifthesyncsucceeds,theBookkeeperclearsanyrecordsoffailedsyncsforthatkey.OnFailure:Ifthesyncfails,theBookkeeperrecordsthefailurealongwithatimestamp.'
          label: '3'
          title: 'Write Response Handling'
        3:
          body: 'Beforeservingdata,theStorecheckswiththeBookkeepertoseeifthereareanyunsyncedlocalchanges.Iftherearefailedsyncs,theStoreattemptstoresolvethembeforereturningdata.'
          label: '4'
          title: 'Conflict Resolution on Read'
      nested: false
      page: '/docs/concepts/store5/bookkeeper'
    1:
      items:
        0:
          body: 'ApplicationcoderequestsdatafromtheStore.ExtensionforMakingaCachedDataRequest:suspendfun<Key:Any,Output:Any>Store<Key,Output>.get(key:Key)=stream(StoreReadRequest.cached(key,refresh=false)).filterNot{itisStoreReadResponse.Loading||itisStoreReadResponse.NoNewData}.first().requireData()ExtensionforMakingaFreshDataRequest:suspendfun<Key:Any,Output:Any>Store<Key,Output>.fresh(key:Key)=stream(StoreReadRequest.fresh(key)).filterNot{itisStoreReadResponse.Loading||itisStoreReadResponse.NoNewData}.first().requireData()'
          label: '1'
          title: 'Data Request'
        1:
          body: 'FreshDataRequestsBypassClient-SideChecks:Iftherequestisforfreshdata,theStorebypassestheMemoryCache,SourceOfTruth,andValidatorandinvokestheFetcherimmediately.'
          label: '2'
          title: 'Client-Side Checks Conditional On Request Type'
        2:
          body: 'TheFetcherretrievesdatafromtheremotesource,emittingFetcherResultobjects.'
          label: '3'
          title: 'Data Fetching'
        3:
          body: 'Ifanerroroccurs,theFetcheremitsaFetcherResult.Error,whichtheStorecanhandleappropriately.'
          label: '4'
          title: 'Error Handling'
        4:
          body: 'SuccessfuldataiswrittentotheSourceOfTruthandMemoryCache.'
          label: '5'
          title: 'Data Storage'
        5:
          body: 'TheStoreprovidesthedatatotheapplicationintheformofaStoreReadResponse.'
          label: '6'
          title: 'Data Delivery'
      nested: false
      page: '/docs/concepts/store5/fetcher'
    2:
      items:
        0:
          body: 'Iftherequestisforcacheddata,theStorecheckstheMemoryCachefortherequesteddata.IftheMemoryCachedoesnotcontainthedata,theStorecheckstheSourceOfTruth,iftheStoreisconfiguredwithaSourceOfTruth.'
          label: 'A'
          title: 'Cache Check'
        1:
          body: 'IfthedataismissingordeterminedinvalidbytheValidator,theStoreinvokestheFetcher.'
          label: 'B'
          title: 'Validation'
      nested: true
      page: '/docs/concepts/store5/fetcher'
    3:
      items:
        0:
          body: 'Ensuresthattheadsafetymechanismsandwriterequestqueuesareinitialized.safeInitStore(request.key)'
          label: '1'
          title: 'Initialization'
        1:
          body: 'Attemptstoresolveanyconflictsbeforeproceedingwiththereadoperation.tryEagerlyResolveConflicts<Response>(request.key)Ifconflictsexist,triestosynchronizelocalchangeswiththeremotesource.Ifnoconflicts,proceedstodataretrieval.'
          label: '2'
          title: 'Eager Conflict Resolution'
        2:
          body: 'DelegatesthereadoperationtotheRealStoreinstance.delegate.stream(request).collect{storeReadResponse->emit(storeReadResponse)}'
          label: '3'
          title: 'Data Retrieval'
      nested: false
      page: '/docs/concepts/store5/mutable-store'
    4:
      items:
        0:
          body: 'Thewriterequestisaddedtotheper-keywriterequestqueue.addWriteRequestToQueue(writeRequest)'
          label: '1'
          title: 'Request Queueing'
        1:
          body: 'Thevalueisimmediatelywrittentothelocaldatasource.delegate.write(writeRequest.key,writeRequest.value)'
          label: '2'
          title: 'Local Update'
        2:
          body: 'AttemptstoupdatetheremotedatasourceusingtheUpdater.valupdaterResult=tryUpdateServer(writeRequest)'
          label: '3'
          title: 'Server Synchronization Attempt'
        3:
          body: ''
          label: '4'
          title: 'Handling the Updater Result'
        4:
          body: 'EmitsaStoreWriteResponseindicatingsuccessorfailure.emit(storeWriteResponse)'
          label: '5'
          title: 'Response Emission'
      nested: false
      page: '/docs/concepts/store5/mutable-store'
    5:
      items:
        0:
          body: 'Updatesthewriterequestqueue,removingprocessedrequests.ClearsanyfailedsyncrecordsfromtheBookkeeper.updateWriteRequestQueue<Response>(key=request.key,created=request.created,updaterResult=updaterResult)bookkeeper?.clear(request.key)'
          label: 'A'
          title: 'Success'
        1:
          body: 'RecordsthefailedattemptusingtheBookkeeper.bookkeeper?.setLastFailedSync(request.key)'
          label: 'B'
          title: 'Failure'
      nested: true
      page: '/docs/concepts/store5/mutable-store'
    6:
      items:
        0:
          body: 'TheStorefetchesdatafromthenetworkusingtheFetcher.valnetworkData=fetcher.fetch(key)'
          label: '1'
          title: 'Network Fetch'
        1:
          body: 'ThefetcheddataiswrittentotheSourceofTruthusingthewritemethod.sourceOfTruth.write(key,networkData)'
          label: '2'
          title: 'Write to Source of Truth'
        2:
          body: 'Anyactivereaderobservingthekeyisnotifiedofthenewdata.'
          label: '3'
          title: 'Notify Readers'
      nested: false
      page: '/docs/concepts/store5/source-of-truth'
    7:
      items:
        0:
          body: 'TheconsumerrequestsdatafromtheStore.valrequest=StoreReadRequest.cached(key,refresh)valflow=store.stream(request)'
          label: '1'
          title: 'Initiate Read'
        1:
          body: 'TheStoreinvokesthereadermethodoftheSourceofTruth.vallocalDataFlow=sourceOfTruth.reader(key)'
          label: '2'
          title: 'Source of Truth Reader'
        2:
          body: 'TheSourceofTruthemitsdatathroughtheFlowreturnedbythereadermethod,whichtheStorepassestotheconsumer.'
          label: '3'
          title: 'Data Emission'
      nested: false
      page: '/docs/concepts/store5/source-of-truth'
    8:
      items:
        0:
          body: 'Checksiftherequesteddataispresentandvalidinthein-memorycache.valcachedToEmit=if(request.shouldSkipCache(CacheType.MEMORY)){null}else{valoutput:Output?=memCache?.getIfPresent(request.key)valisInvalid=output!=null&&validator?.isValid(output)==falsewhen{output==null||isInvalid->nullelse->output}}cachedToEmit?.let{it:Output->emit(StoreReadResponse.Data(value=it,origin=StoreReadResponseOrigin.Cache))}'
          label: '1'
          title: 'Memory Cache Check'
        1:
          body: 'DetermineswhethertoreadfromtheSourceOfTruth,fetchfromthenetwork,orboth.EmitsNoNewDataifneitherSourceOfTruthnornetworkfetchisrequested.if(sourceOfTruth==null&&!request.fetch){emit(StoreReadResponse.NoNewData(origin=StoreReadResponseOrigin.Cache))return@flow}'
          label: '2'
          title: 'Decide Data Source'
        2:
          body: 'IfaSourceOfTruthisconfiguredandnotskipped,attemptstoreaddatafromit.if(request.fetch){diskNetworkCombined(request,sourceOfTruth)}else{sourceOfTruth.reader(request.key,diskLock).transform{response->...}}'
          label: '3'
          title: 'Source of Truth Read'
        3:
          body: 'Ifanetworkfetchisrequired,fetchesdatafromthenetwork.valnetworkFlow=createNetworkFlow(request,networkLock)TheFetcherControllerensuresonlyonenetworkcallperkey.'
          label: '4'
          title: 'Network Fetch'
        4:
          body: 'Combinestheflowsfromthenetworkandthesourceoftruthtoemitdatainthecorrectorderandorigintothesubscribers.emitAll(stream.transform{output:StoreReadResponse<Output>->emit(output)//Updatememorycacheifneeded},)'
          label: '5'
          title: 'Combine and Emit Data'
      nested: false
      page: '/docs/concepts/store5/store'
    9:
      items:
        0:
          body: "Ifdataisfound,it'svalidatingusingtheValidator.IfaValidatorisnotprovided,thedataisconsideredvalid."
          label: 'A'
          title: 'Validation'
        1:
          body: 'Validdataisemittedimmediatelytotheconsumer.'
          label: 'B'
          title: 'Emission'
      nested: true
      page: '/docs/concepts/store5/store'
    10:
      items:
        0:
          body: "Ifdataisfound,it'svalidatingusingtheValidator.IfaValidatorisnotprovided,thedataisconsideredvalid."
          label: 'A'
          title: 'Validation'
        1:
          body: 'Validdataisemittedtotheconsumer.'
          label: 'B'
          title: 'Emission'
        2:
          body: 'Ifdataisnotfoundorinvalid,decideswhethertofetchfromthenetwork.'
          label: 'C'
          title: 'Network Fetch Decision'
      nested: true
      page: '/docs/concepts/store5/store'
    11:
      items:
        0:
          body: 'FetcheddataiswrittentotheSourceOfTruthandmemorycache.'
          label: 'A'
          title: 'Data Handling'
      nested: true
      page: '/docs/concepts/store5/store'
    12:
      items:
        0:
          body: 'Updatesthein-memorycachewiththenewdata.memCache?.put(key,value)'
          label: '1'
          title: 'Update Memory Cache'
        1:
          body: 'Writesthenewdatatothelocalstorage(sourceoftruth).sourceOfTruth?.write(key,converter.fromOutputToLocal(value))'
          label: '2'
          title: 'Update Source of Truth'
        2:
          body: 'Catchesanyexceptionsduringthewriteoperationandreturnstheappropriateresult.catch(error:Throwable){StoreDelegateWriteResult.Error.Exception(error)}'
          label: '3'
          title: 'Error Handling'
      nested: false
      page: '/docs/concepts/store5/store'
    13:
      items:
        0:
          body: 'AwriterequestismadetotheStore,updatingthelocaldata.valwriteRequest=StoreWriteRequest.of(key,value)mutableStore.write(writeRequest)'
          label: '1'
          title: 'Local Mutation'
        1:
          body: 'Thewriterequestisaddedtoaper-keywriterequestqueueintheRealMutableStore.addWriteRequestToQueue(writeRequest)'
          label: '2'
          title: 'Queue Write Request'
        2:
          body: 'TheRealMutableStorewritesthenewvaluetothelocaldatasourceusingadelegateRealStore.delegate.write(writeRequest.key,writeRequest.value)'
          label: '3'
          title: 'Update Local Store'
        3:
          body: 'TheUpdaterattemptstopostthelatestvaluetotheremotedatasource.valupdaterResult=updater.post(writeRequest.key,writeRequest.value)'
          label: '4'
          title: 'Attempt Server Synchronization'
        4:
          body: ''
          label: '5'
          title: 'Handle Updater Result'
        5:
          body: 'TheRealMutableStoreemitsaStoreWriteResponsetoconsumers,indicatingthesuccessorfailureofthewriteoperation.emit(storeWriteResponse)'
          label: '6'
          title: 'Emit Write Response'
      nested: false
      page: '/docs/concepts/store5/updater'
    14:
      items:
        0:
          body: 'Updatesthewriterequestqueue,removingprocessedrequests.ClearsanyfailedsyncrecordsfromtheBookkeeper.ExecutesonCompletioncallbackifprovided.'
          label: 'A'
          title: 'Success'
        1:
          body: 'RecordsthefailedattemptusingtheBookkeeper.Leavesthewriterequestinthequeueforfutureretries.'
          label: 'B'
          title: 'Failure'
      nested: true
      page: '/docs/concepts/store5/updater'
    15:
      items:
        0:
          body: 'WhenyourapplicationrequestscacheddatafromtheStore,itfirstcheckstheMemoryCacheandtheSourceofTruthtoseeifthedataisavailable.TheValidatoronlyoperatesondatafromtheSourceofTruthanddoesnotvalidatedatacomingdirectlyfromthenetwork.'
          label: '1'
          title: 'Data Retrieval Request'
        1:
          body: "TheValidator'sisValidmethodiscalledwiththecacheddataastheparameter."
          label: '2'
          title: 'Validation Check'
        2:
          body: 'IfisValidreturnstrue,theStoreconsidersthecacheddatavalidandserviesittotheapplication.IfisValidreturnsfalse,theStoredeemsthecacheddatainvalidandproceedstofetchfreshdatafromtheremotesourceusingtheFetcher.'
          label: '3'
          title: 'Validity Determination'
        3:
          body: "Ifnewdataisfetched,it'sstoredintheMemoryCacheandtheSourceofTruthforfuturerequests."
          label: '4'
          title: 'Data Update'
      nested: false
      page: '/docs/concepts/store5/validator'
    16:
      items:
        0:
          body: `AddtheStorelibrarytoyourproject'sdependencies.Sincewe'reworkingwithaKMPproject,we'lladdthedependencytothecommonMainsourceset.[versions]store="5.1.0"[libraries]store={module="org.mobilenativefoundation.store:store5",version.ref="store"}commonMain{dependencies{implementation(libs.store)}}UnderstandingVersionCatalogs:Thelibs.versions.tomlfileispartofGradle'sVersionCatalogsfeature,whichsimplifiesdependencymanagement.Ifyou'renotusingVersionCatalogs,youcanaddthedependencydirectlytoyourbuild.gradle.kts:dependencies{implementation("org.mobilenativefoundation.store:store5:5.1.0")}FormoreinformationonVersionCatalogs,visittheGradleDocumentation.`
          label: '1'
          title: 'Add the Dependency'
        1:
          body: 'Afteraddingthedependency,syncyourprojectwithGradletodownloadtheStorelibrary.'
          label: '2'
          title: 'Sync the Project'
      nested: false
      page: '/docs/quickstart'
    17:
      items:
        0:
          body: "Definethemodelsforapost.packageorg.mobilenativefoundation.trails.backend.models@SerializabledataclassPostNetworkModel(valid:Int,valcreatorId:Int,valcaption:String?,valplatform:Platform,valcreatedAt:LocalDateTime,vallikesCount:Long,valcommentsCount:Long,valsharesCount:Long,valviewsCount:Long,valisSponsored:Boolean,vallocationName:String?,valcoverUrl:String,valisFavoritedByCurrentUser:Boolean)packageorg.mobilenativefoundation.trails.xplat.lib.dbCREATETABLEpostEntity(idINTEGERPRIMARYKEY,creator_idINTEGERNOTNULL,captionTEXT,created_atTEXTNOTNULL,likes_countINTEGERNOTNULL,comments_countINTEGERNOTNULL,shares_countINTEGERNOTNULL,views_countINTEGERNOTNULL,is_sponsoredINTEGERNOTNULL,cover_urlTEXTNOTNULL,platformTEXTASPlatformNOTNULL,location_nameTEXT,is_favorited_by_current_userINTEGERNOTNULL,FOREIGNKEY(creator_id)REFERENCEScreatorEntity(id));packageorg.mobilenativefoundation.trails.xplat.lib.modelsdataclassPost(valid:Int,valcreatorId:Int,valcaption:String?,valcreatedAt:LocalDateTime,vallikesCount:Long,valcommentsCount:Long,valsharesCount:Long,valviewsCount:Long,valisSponsored:Boolean,valcoverURL:String,valplatform:Platform,vallocationName:String?,valisFavoritedByCurrentUser:Boolean)UsingSqlDelightforLocalDatabaseModels:TheSQLschemadefinedusingSqlDelightwillgenerateKotlinmodelsforyou.Here'showthePostEntityclassmightlookaftergeneration:dataclassPostEntity(valid:Long,valcreator_id:Long,valcaption:String?,valcreated_at:String,vallikes_count:Long,valcomments_count:Long,valshares_count:Long,valviews_count:Long,valis_sponsored:Long,valcover_url:String,valplatform:Platform,vallocation_name:String?,valis_favorited_by_current_user:Long)FormoredetailsonhowSqlDelightgeneratesKotlinclassesfromSQLschemas,checkouttheSqlDelightDocs."
          label: '1'
          title: 'Define the Data Models'
        1:
          body: `Defineandimplementaninterfaceforyournetworkcalls.Inthisexample,we'lluseKtorforHTTPrequests.DependencyInjectionContext:Trailsuseskotlin-inject,acompile-timedependencyinjectionlibraryforKotlin.The@Injectannotationindicatesaclasscanbeinjected.packageorg.mobilenativefoundation.trails.xplat.lib.rest.apiinterfacePostOperations{suspendfungetPost(id:Int):PostNetworkModelsuspendfunupdatePost(post:PostNetworkModel):Boolean}interfaceTrailsApi:PostOperationspackageorg.mobilenativefoundation.trails.xplat.lib.rest.implinternalobjectTrailsEndpoints{privateconstvalROOT_API_URL="https://api.trails.mattramotar.dev"fungetPost(id:Int)="$ROOT_API_URL/posts/$id"funupdatePost(id:Int)="$ROOT_API_URL/posts/$id"}@InjectclassRealPostOperations(privatevalhttpClient:HttpClient=httpClient()):PostOperations{overridesuspendfungetPost(id:Int):PostNetworkModel{valurl=TrailsEndpoints.getPost(id)valresponse=httpClient.get(url)returnresponse.body()}overridesuspendfunupdatePost(post:PostNetworkModel):Boolean{valurl=TrailsEndpoints.updatePost(post.id)valresponse=httpClient.put(url){setBody(post)}returnresponse.body()}}@InjectclassRealTrailsClient(privatevalpostOperations:PostOperations):TrailsClient,PostOperationsbypostOperations`
          label: '2'
          title: 'Create the API Interface'
        2:
          body: 'Weneedtoconvertbetweenournetworkmodel,domainmodel,andlocaldatabasemodel.packageorg.mobilenativefoundation.trails.xplat.lib.market.post.impl.extensionsobjectPostExtensions{//Convertfromthenetworkmodeltothedomainmodel.funPostNetworkModel.asPost():Post{returnPost(id=this.id,creatorId=this.creatorId,caption=this.caption,createdAt=this.createdAt,likesCount=this.likesCount,commentsCount=this.commentsCount,sharesCount=this.sharesCount,viewsCount=this.viewsCount,isSponsored=this.isSponsored,coverURL=this.coverUrl,platform=this.platform.asPlatform(),locationName=this.locationName,isFavoritedByCurrentUser=this.isFavoritedByCurrentUser)}}packageorg.mobilenativefoundation.trails.xplat.lib.market.post.impl.extensionsobjectPostExtensions{//Convertfromthelocaldatabasemodeltothedomainmodel.funPostEntity.asPost():Post{returnPost(id=this.id.toInt(),creatorId=this.creator_id.toInt(),caption=this.caption,createdAt=LocalDateTime.parse(this.created_at),likesCount=this.likes_count.toLong(),commentsCount=this.comments_count.toLong(),sharesCount=this.shares_count.toLong(),viewsCount=this.views_count.toLong(),isSponsored=this.is_sponsored==1L,coverURL=this.cover_url,platform=this.platform,locationName=this.location_name,isFavoritedByCurrentUser=this.is_favorited_by_current_user==1L)}}packageorg.mobilenativefoundation.trails.xplat.lib.market.post.impl.extensionsobjectPostExtensions{//Convertfromthedomainmodeltothelocaldatabasemodel.funPost.asPostEntity():PostEntity{returnPostEntity(id=this.id.toLong(),creator_id=this.creatorId.toLong(),caption=this.caption,created_at=createdAt.toString(),likes_count=this.likesCount,comments_count=this.commentsCount,shares_count=this.sharesCount,views_count=this.viewsCount,is_sponsored=if(this.isSponsored)1else0,cover_url=this.coverURL,platform=this.platform,location_name=this.locationName,is_favorited_by_current_user=if(this.isFavoritedByCurrentUser)1else0)}}packageorg.mobilenativefoundation.trails.xplat.lib.market.post.impl.extensionsobjectPostExtensions{//Convertfromthedomainmodeltothenetworkmodel.funPost.asNetworkModel():PostNetworkModel{returnPostNetworkModel(id=this.id,creatorId=this.creatorId,caption=this.caption,createdAt=createdAt,likesCount=this.likesCount,commentsCount=this.commentsCount,sharesCount=this.sharesCount,viewsCount=this.viewsCount,isSponsored=isSponsored,coverUrl=this.coverURL,platform=this.platform.asNetworkModel(),locationName=this.locationName,isFavoritedByCurrentUser=this.isFavoritedByCurrentUser)}}'
          label: '3'
          title: 'Implement Converters'
        3:
          body: "We'lluseafactoryforcreatingaPostStoreinstance.AbouttheTODO()Placeholders:TheTODO()placeholdersindicatewhereimplementationswillbeprovidedinthesubsequentsteps.packageorg.mobilenativefoundation.trails.xplat.lib.market.post.impl.storetypealiasPostStore=Store<Int,Post>classPostStoreFactory(privatevalclient:PostOperations,privatevaltrailsDatabase:TrailsDatabase,){funcreate():PostStore{TODO()}privatefuncreateFetcher():Fetcher<Int,PostNetworkModel>{TODO()}privatefuncreateSourceOfTruth():SourceOfTruth<Int,PostEntity,Post>{TODO()}privatefuncreateConverter():Converter<PostNetworkModel,PostEntity,Post>{TODO()}privatefuncreateUpdater():Updater<Int,Post,Boolean>{TODO()}privatefuncreateBookkeeper():Bookkeeper<Int>{TODO()}}"
          label: '4'
          title: 'Set Up the Store Factory'
        4:
          body: 'OurFetcherwillinteractwiththenetworkdatasourceusingthePostOperationsinterface.packageorg.mobilenativefoundation.trails.xplat.lib.market.post.impl.storeprivatefuncreateFetcher():Fetcher<Int,PostNetworkModel>=Fetcher.of{id->//Fetchpostfromthenetworkclient.getPost(id)?:throwIllegalArgumentException("PostwithID$idnotfound.")}'
          label: '5'
          title: 'Implement the Fetcher'
        5:
          body: 'OurSourceofTruthwilldelegatetoalocalSqlDelightdatabase.packageorg.mobilenativefoundation.trails.xplat.lib.market.post.impl.storeprivatefuncreateSourceOfTruth():SourceOfTruth<Int,PostEntity,Post>=SourceOfTruth.of(reader={id->flow{//Querythedatabaseforapostemit(trailsDatabase.postQueries.selectPostById(id.toLong()))}},writer={_,postEntity->trailsDatabase.postQueries.insertPost(postEntity)})ObservingDatabaseChangesOverTime:ToensureyourSourceOfTruthobserveschangesinthedatabase,useasFlow()andappropriatemappingfunctions.trailsDatabase.postQueries.selectPostById(id.toLong()).asFlow().mapToOneOrNull()'
          label: '6'
          title: 'Implement the Source of Truth'
        6:
          body: "OurConverterwillconvertbetweenournetworkmodel,localdatabasemodel,anddomainmodelusingthePostExtensionsobject.UnderstandingtheConverter'sRole:TheConverterbridgesthegapbetweenthenetworkmodel,localdatabasemodel,anddomainmodelwithintheStore.Whileyouhaveextensionfunctionsforconversions,theConverterintegratestheseintotheStore'spipeline,ensuringdataflowscorrectlythrougheachlayer.packageorg.mobilenativefoundation.trails.xplat.lib.market.post.impl.storeprivatefuncreateConverter():Converter<PostNetworkModel,PostEntity,Post>=Converter.Builder<PostNetworkModel,PostEntity,Post>().fromOutputToLocal{post->post.asPostEntity()}.fromNetworkToLocal{postNetworkModel->postNetworkModel.asPost()}.build()"
          label: '7'
          title: 'Implement the Converter'
        7:
          body: 'OurUpdaterwillmakeanetworkcalltoupdatethepost.packageorg.mobilenativefoundation.trails.xplat.lib.market.post.impl.storeprivatefuncreateUpdater():Updater<Int,Post,Boolean>=Updater.by(post={_,updatedPost->valnetworkModel=updatedPost.asNetworkModel()valsuccess=client.updatePost(networkModel)if(success){UpdaterResult.Success.Typed(success)}else{UpdaterResult.Error.Message("Somethingwentwrong.")}})'
          label: '8'
          title: 'Implement the Updater'
        8:
          body: 'OurBookkeeperkeepstrackoffailedsyncstoenableeagerlyresolvingconflictsafterlocalmutations.packageorg.mobilenativefoundation.trails.xplat.lib.market.post.impl.storeprivatefuncreateBookkeeper():Bookkeeper<Int>=Bookkeeper.by(getLastFailedSync={id->trailsDatabase.postBookkeepingQueries.selectMostRecentFailedSync(id).executeAsOneOrNull()?.let{failedSync->timestampToEpochMilliseconds(timestamp=failedSync.timestamp)}},setLastFailedSync={id,timestamp->try{trailsDatabase.postBookkeepingQueries.insertFailedSync(PostFailedSync(post_id=id,timestamp=epochMillisecondsToTimestamp(timestamp)))true}catch(e:SQLException){//Handletheexceptionfalse}},clear={id->try{trailsDatabase.postBookkeepingQueries.clearByPostId(id)true}catch(e:SQLException){//Handletheexceptionfalse}},clearAll={try{trailsDatabase.postBookkeepingQueries.clearAll()true}catch(e:SQLException){//Handletheexceptionfalse}})'
          label: '9'
          title: 'Implement the Bookkeeper'
        9:
          body: "ProvidetheimplementationstotheStoreBuilder.HowComponentsWorkTogether:EachcomponentoftheStorehasaspecificrole:Fetcher:Retrievesdatafromthenetwork.SourceofTruth:Manageslocaldatastorage.Converter:Handlesdatatransformationsbetweenmodels.Updater:Syncslocalchangesbacktothenetwork.Bookkeeper:Keepstrackoffailedupdatesforretrymechanisms.Byintegratingthesecomponents,theStoreefficientlymanagesdataflowbetweenthenetwork,localstorage,andyourapp'sUI.packageorg.mobilenativefoundation.trails.xplat.lib.market.post.impl.storeclassPostStoreFactory(privatevalclient:PostOperations,privatevaltrailsDatabase:TrailsDatabase,){funcreate():PostStore{returnMutableStoreBuilder.from(fetcher=createFetcher(),sourceOfTruth=createSourceOfTruth(),converter=createConverter()).build(updater=createUpdater(),bookkeeper=createBookkeeper())}privatefuncreateFetcher():Fetcher<Int,PostNetworkModel>{...}privatefuncreateSourceOfTruth():SourceOfTruth<Int,PostEntity,Post>{...}privatefuncreateConverter():Converter<PostNetworkModel,PostEntity,Post>{...}privatefuncreateUpdater():Updater<Int,Post,Boolean>{...}privatefuncreateBookkeeper():Bookkeeper<Int>{...}}"
          label: '10'
          title: 'Build the Store'
      nested: false
      page: '/docs/quickstart'
    18:
      items:
        0:
          body: "We'llcreateaPostRepositorythatusesthePostStoretofetchandcachepostdata.TheprimaryreasonforthisextralayerisitenablesustoextractStorefromthedomainlayerasanimplementationdetailofthePostRepository.ItalsoenablesustoaddadditionalmethodsandstrategiestothePostRepositoryinthefuture.PostRepositoryisfeatureagnostic.WedefinethePostRepositoryunderthecommonlib/market/post/apinamespaceandimplementitinthelib/market/post/implmoduletofacilitateitsreuseacrossfeatures.Consumerscandependonthelib/market/post/apimodulewithoutbeingexposedtotheimplementationdetails,suchasthePostStore.Amarketisacompositionofstoresandsystemsenablingexchangebetweenconsumersandproviders.packageorg.mobilenativefoundation.trails.xplat.lib.market.post.apiinterfacePostRepository{suspendfungetPost(id:Int):Post?suspendfunupdatePost(postId:Int,likesCount:Long?=null,commentsCount:Long?=null,sharesCount:Long?=null,viewsCount:Long?=null,isFavoritedByCurrentUser:Boolean?=null):Post}packageorg.mobilenativefoundation.trails.xplat.lib.market.post.impl@InjectclassRealPostRepository(privatevalpostStore:PostStore):PostRepository{overridesuspendfungetPost(id:Int):Post?{returnpostStore.fresh<Int,Post,Boolean>(id)}overridesuspendfunupdatePost(postId:Int,likesCount:Long?,commentsCount:Long?,sharesCount:Long?,viewsCount:Long?,isFavoritedByCurrentUser:Boolean?):Post{valprevPost=postStore.get<Int,Post,Boolean>(postId)valnextPost=prevPost.copy(likesCount=likesCount?:prevPost.likesCount,commentsCount=commentsCount?:prevPost.commentsCount,sharesCount=sharesCount?:prevPost.sharesCount,viewsCount=viewsCount?:prevPost.viewsCount,isFavoritedByCurrentUser=isFavoritedByCurrentUser?:prevPost.isFavoritedByCurrentUser)valwriteRequest=StoreWriteRequest.of<Int,Post,Boolean>(key=postId,value=nextPost)returnwhen(postStore.write(writeRequest)){isStoreWriteResponse.Error->prevPostisStoreWriteResponse.Success->nextPost}}}"
          label: '1'
          title: 'Create a Post Repository'
        1:
          body: 'TrailsisbuiltwithaCircuitarchitecture.BeforewecaninteractwiththePostRepository,weneedtodefinetheScreen,State,andEventclasses.packageorg.mobilenativefoundation.trails.xplat.feat.postDetailScreen.apiinterfacePostDetailScreen:Screen{sealedinterfaceState:CircuitUiState{dataclassLoaded(valpost:Post,valeventSink:(Event)->Unit,):StatedataobjectLoading:State}sealedinterfaceEvent:CircuitUiEvent{dataobjectFavorite:EventdataobjectUnfavorite:Event}interfaceUI:CircuitUI<State>interfacePresenter:CircuitPresenter<State>}'
          label: '2'
          title: 'Define the Post Detail Screen'
        2:
          body: "ACircuitPresenterisintendedtobethebusinesslogicforascreen'sUIandatranslationlayerinfrontofthedatalayer.OurPostDetailScreenPresenterwillusethePostRepositorytoloadthepostdataandupdatetheUIinresponsetouseractions.packageorg.mobilenativefoundation.trails.xplat.feat.postDetailScreen.impl@InjectclassPostDetailScreenPresenter(privatevalpostRepository:PostRepository,@AssistedprivatevalpostId:Int):PostDetailScreen.Presenter{@Composableoverridefunpresent():PostDetailScreen.State{varpost:Post?byremember{mutableStateOf(null)}LaunchedEffect(postId){post=postRepository.getPost(postId)}returnif(post!=null){PostDetailScreen.State.Loaded(post,eventSink=::handleEvent)}else{PostDetailScreen.State.Loading}}privatefunhandleEvent(prevState:PostDetailScreen.State,event:PostDetailScreen.Event){when(event){isPostDetailScreen.Event.Favorite->handleFavorite(prevState)isPostDetailScreen.Event.Unfavorite->handleUnfavorite(prevState)}}privatefunhandleFavorite(prevState:PostDetailScreen.State){valnextPost=postRepository.updatePost(postId=postId,isFavoritedByCurrentUser=true,likesCount=prevState.post.likesCount+1)post=nextPost}privatefunhandleUnfavorite(prevState:PostDetailScreen.State){valnextPost=postRepository.updatePost(postId=postId,isFavoritedByCurrentUser=false,likesCount=prevState.post.likesCount-1)post=nextPost}}"
          label: '3'
          title: 'Implement the Post Detail Presenter'
        3:
          body: 'packageorg.mobilenativefoundation.trails.xplat.feat.postDetailScreen.impl@InjectclassPostDetailScreenUI:PostDetailScreen.UI{@ComposableoverridefunContent(state:PostDetailScreen.State,modifier:Modifier){when(state){isPostDetailScreen.State.Loading->{LoadingView()}isPostDetailScreen.State.Loaded->{PostDetailView(post=state.post,onFavorite={state.eventSink(PostDetailScreen.Event.Favorite)},onUnfavorite={state.eventSink(PostDetailScreen.Event.Unfavorite)})}}}}'
          label: '4'
          title: 'Display the Post Detail Screen'
      nested: false
      page: '/docs/quickstart'
  actual:
    0:
      nested: false
      page: '/docs/concepts/store5/bookkeeper'
      items:
        0:
          body: 'Theapplicationmakesalocalchangethatneedstobesyncedwiththeremotesource.'
          label: '1'
          title: 'Local Changes Made'
        1:
          body: 'TheStoreattemptstoupdatetheremotesourceusingtheUpdater.'
          label: '2'
          title: 'Sync Attempt'
        2:
          body: 'OnSuccess:Ifthesyncsucceeds,theBookkeeperclearsanyrecordsoffailedsyncsforthatkey.OnFailure:Ifthesyncfails,theBookkeeperrecordsthefailurealongwithatimestamp.'
          label: '3'
          title: 'Write Response Handling'
        3:
          body: 'Beforeservingdata,theStorecheckswiththeBookkeepertoseeifthereareanyunsyncedlocalchanges.Iftherearefailedsyncs,theStoreattemptstoresolvethembeforereturningdata.'
          label: '4'
          title: 'Conflict Resolution on Read'
    1:
      nested: false
      page: '/docs/concepts/store5/fetcher'
      items:
        0:
          body: 'ApplicationcoderequestsdatafromtheStore.ExtensionforMakingaCachedDataRequest:kotlinCopysuspendfun<Key:Any,Output:Any>Store<Key,Output>.get(key:Key)=stream(StoreReadRequest.cached(key,refresh=false)).filterNot{itisStoreReadResponse.Loading||itisStoreReadResponse.NoNewData}.first().requireData()ExtensionforMakingaFreshDataRequest:kotlinCopysuspendfun<Key:Any,Output:Any>Store<Key,Output>.fresh(key:Key)=stream(StoreReadRequest.fresh(key)).filterNot{itisStoreReadResponse.Loading||itisStoreReadResponse.NoNewData}.first().requireData()'
          label: '1'
          title: 'Data Request'
        1:
          body: 'FreshDataRequestsBypassClient-SideChecks:Iftherequestisforfreshdata,theStorebypassestheMemoryCache,SourceOfTruth,andValidatorandinvokestheFetcherimmediately.'
          label: '2'
          title: 'Client-Side Checks Conditional On Request Type'
        2:
          body: 'TheFetcherretrievesdatafromtheremotesource,emittingFetcherResultobjects.'
          label: '3'
          title: 'Data Fetching'
        3:
          body: 'Ifanerroroccurs,theFetcheremitsaFetcherResult.Error,whichtheStorecanhandleappropriately.'
          label: '4'
          title: 'Error Handling'
        4:
          body: 'SuccessfuldataiswrittentotheSourceOfTruthandMemoryCache.'
          label: '5'
          title: 'Data Storage'
        5:
          body: 'TheStoreprovidesthedatatotheapplicationintheformofaStoreReadResponse.'
          label: '6'
          title: 'Data Delivery'
    2:
      nested: true
      page: '/docs/concepts/store5/fetcher'
      items:
        0:
          body: 'Iftherequestisforcacheddata,theStorecheckstheMemoryCachefortherequesteddata.IftheMemoryCachedoesnotcontainthedata,theStorecheckstheSourceOfTruth,iftheStoreisconfiguredwithaSourceOfTruth.'
          label: 'A'
          title: 'Cache Check'
        1:
          body: 'IfthedataismissingordeterminedinvalidbytheValidator,theStoreinvokestheFetcher.'
          label: 'B'
          title: 'Validation'
    3:
      nested: false
      page: '/docs/concepts/store5/mutable-store'
      items:
        0:
          body: 'Ensuresthattheadsafetymechanismsandwriterequestqueuesareinitialized.kotlinCopysafeInitStore(request.key)'
          label: '1'
          title: 'Initialization'
        1:
          body: 'Attemptstoresolveanyconflictsbeforeproceedingwiththereadoperation.kotlinCopytryEagerlyResolveConflicts<Response>(request.key)Ifconflictsexist,triestosynchronizelocalchangeswiththeremotesource.Ifnoconflicts,proceedstodataretrieval.'
          label: '2'
          title: 'Eager Conflict Resolution'
        2:
          body: 'DelegatesthereadoperationtotheRealStoreinstance.kotlinCopydelegate.stream(request).collect{storeReadResponse->emit(storeReadResponse)}'
          label: '3'
          title: 'Data Retrieval'
    4:
      nested: false
      page: '/docs/concepts/store5/mutable-store'
      items:
        0:
          body: 'Thewriterequestisaddedtotheper-keywriterequestqueue.kotlinCopyaddWriteRequestToQueue(writeRequest)'
          label: '1'
          title: 'Request Queueing'
        1:
          body: 'Thevalueisimmediatelywrittentothelocaldatasource.kotlinCopydelegate.write(writeRequest.key,writeRequest.value)'
          label: '2'
          title: 'Local Update'
        2:
          body: 'AttemptstoupdatetheremotedatasourceusingtheUpdater.kotlinCopyvalupdaterResult=tryUpdateServer(writeRequest)'
          label: '3'
          title: 'Server Synchronization Attempt'
        3:
          body: ''
          label: '4'
          title: 'Handling the Updater Result'
        4:
          body: 'EmitsaStoreWriteResponseindicatingsuccessorfailure.kotlinCopyemit(storeWriteResponse)'
          label: '5'
          title: 'Response Emission'
    5:
      nested: true
      page: '/docs/concepts/store5/mutable-store'
      items:
        0:
          body: 'Updatesthewriterequestqueue,removingprocessedrequests.ClearsanyfailedsyncrecordsfromtheBookkeeper.kotlinCopyupdateWriteRequestQueue<Response>(key=request.key,created=request.created,updaterResult=updaterResult)bookkeeper?.clear(request.key)'
          label: 'A'
          title: 'Success'
        1:
          body: 'RecordsthefailedattemptusingtheBookkeeper.kotlinCopybookkeeper?.setLastFailedSync(request.key)'
          label: 'B'
          title: 'Failure'
    6:
      nested: false
      page: '/docs/concepts/store5/source-of-truth'
      items:
        0:
          body: 'TheStorefetchesdatafromthenetworkusingtheFetcher.kotlinCopyvalnetworkData=fetcher.fetch(key)'
          label: '1'
          title: 'Network Fetch'
        1:
          body: 'ThefetcheddataiswrittentotheSourceofTruthusingthewritemethod.kotlinCopysourceOfTruth.write(key,networkData)'
          label: '2'
          title: 'Write to Source of Truth'
        2:
          body: 'Anyactivereaderobservingthekeyisnotifiedofthenewdata.'
          label: '3'
          title: 'Notify Readers'
    7:
      nested: false
      page: '/docs/concepts/store5/source-of-truth'
      items:
        0:
          body: 'TheconsumerrequestsdatafromtheStore.kotlinCopyvalrequest=StoreReadRequest.cached(key,refresh)valflow=store.stream(request)'
          label: '1'
          title: 'Initiate Read'
        1:
          body: 'TheStoreinvokesthereadermethodoftheSourceofTruth.kotlinCopyvallocalDataFlow=sourceOfTruth.reader(key)'
          label: '2'
          title: 'Source of Truth Reader'
        2:
          body: 'TheSourceofTruthemitsdatathroughtheFlowreturnedbythereadermethod,whichtheStorepassestotheconsumer.'
          label: '3'
          title: 'Data Emission'
    8:
      nested: false
      page: '/docs/concepts/store5/store'
      items:
        0:
          body: 'Checksiftherequesteddataispresentandvalidinthein-memorycache.kotlinCopyvalcachedToEmit=if(request.shouldSkipCache(CacheType.MEMORY)){null}else{valoutput:Output?=memCache?.getIfPresent(request.key)valisInvalid=output!=null&&validator?.isValid(output)==falsewhen{output==null||isInvalid->nullelse->output}}kotlinCopycachedToEmit?.let{it:Output->emit(StoreReadResponse.Data(value=it,origin=StoreReadResponseOrigin.Cache))}'
          label: '1'
          title: 'Memory Cache Check'
        1:
          body: 'DetermineswhethertoreadfromtheSourceOfTruth,fetchfromthenetwork,orboth.EmitsNoNewDataifneitherSourceOfTruthnornetworkfetchisrequested.kotlinCopyif(sourceOfTruth==null&&!request.fetch){emit(StoreReadResponse.NoNewData(origin=StoreReadResponseOrigin.Cache))return@flow}'
          label: '2'
          title: 'Decide Data Source'
        2:
          body: 'IfaSourceOfTruthisconfiguredandnotskipped,attemptstoreaddatafromit.kotlinCopyif(request.fetch){diskNetworkCombined(request,sourceOfTruth)}else{sourceOfTruth.reader(request.key,diskLock).transform{response->...}}'
          label: '3'
          title: 'Source of Truth Read'
        3:
          body: 'Ifanetworkfetchisrequired,fetchesdatafromthenetwork.kotlinCopyvalnetworkFlow=createNetworkFlow(request,networkLock)TheFetcherControllerensuresonlyonenetworkcallperkey.'
          label: '4'
          title: 'Network Fetch'
        4:
          body: 'Combinestheflowsfromthenetworkandthesourceoftruthtoemitdatainthecorrectorderandorigintothesubscribers.kotlinCopyemitAll(stream.transform{output:StoreReadResponse<Output>->emit(output)//Updatememorycacheifneeded},)'
          label: '5'
          title: 'Combine and Emit Data'
    9:
      nested: true
      page: '/docs/concepts/store5/store'
      items:
        0:
          body: "Ifdataisfound,it'svalidatingusingtheValidator.IfaValidatorisnotprovided,thedataisconsideredvalid."
          label: 'A'
          title: 'Validation'
        1:
          body: 'Validdataisemittedimmediatelytotheconsumer.'
          label: 'B'
          title: 'Emission'
    10:
      nested: true
      page: '/docs/concepts/store5/store'
      items:
        0:
          body: "Ifdataisfound,it'svalidatingusingtheValidator.IfaValidatorisnotprovided,thedataisconsideredvalid."
          label: 'A'
          title: 'Validation'
        1:
          body: 'Validdataisemittedtotheconsumer.'
          label: 'B'
          title: 'Emission'
        2:
          body: 'Ifdataisnotfoundorinvalid,decideswhethertofetchfromthenetwork.'
          label: 'C'
          title: 'Network Fetch Decision'
    11:
      nested: true
      page: '/docs/concepts/store5/store'
      items:
        0:
          body: 'FetcheddataiswrittentotheSourceOfTruthandmemorycache.'
          label: 'A'
          title: 'Data Handling'
    12:
      nested: false
      page: '/docs/concepts/store5/store'
      items:
        0:
          body: 'Updatesthein-memorycachewiththenewdata.kotlinCopymemCache?.put(key,value)'
          label: '1'
          title: 'Update Memory Cache'
        1:
          body: 'Writesthenewdatatothelocalstorage(sourceoftruth).kotlinCopysourceOfTruth?.write(key,converter.fromOutputToLocal(value))'
          label: '2'
          title: 'Update Source of Truth'
        2:
          body: 'Catchesanyexceptionsduringthewriteoperationandreturnstheappropriateresult.kotlinCopycatch(error:Throwable){StoreDelegateWriteResult.Error.Exception(error)}'
          label: '3'
          title: 'Error Handling'
    13:
      nested: false
      page: '/docs/concepts/store5/updater'
      items:
        0:
          body: 'AwriterequestismadetotheStore,updatingthelocaldata.kotlinCopyvalwriteRequest=StoreWriteRequest.of(key,value)mutableStore.write(writeRequest)'
          label: '1'
          title: 'Local Mutation'
        1:
          body: 'Thewriterequestisaddedtoaper-keywriterequestqueueintheRealMutableStore.kotlinCopyaddWriteRequestToQueue(writeRequest)'
          label: '2'
          title: 'Queue Write Request'
        2:
          body: 'TheRealMutableStorewritesthenewvaluetothelocaldatasourceusingadelegateRealStore.kotlinCopydelegate.write(writeRequest.key,writeRequest.value)'
          label: '3'
          title: 'Update Local Store'
        3:
          body: 'TheUpdaterattemptstopostthelatestvaluetotheremotedatasource.kotlinCopyvalupdaterResult=updater.post(writeRequest.key,writeRequest.value)'
          label: '4'
          title: 'Attempt Server Synchronization'
        4:
          body: ''
          label: '5'
          title: 'Handle Updater Result'
        5:
          body: 'TheRealMutableStoreemitsaStoreWriteResponsetoconsumers,indicatingthesuccessorfailureofthewriteoperation.kotlinCopyemit(storeWriteResponse)'
          label: '6'
          title: 'Emit Write Response'
    14:
      nested: true
      page: '/docs/concepts/store5/updater'
      items:
        0:
          body: 'Updatesthewriterequestqueue,removingprocessedrequests.ClearsanyfailedsyncrecordsfromtheBookkeeper.ExecutesonCompletioncallbackifprovided.'
          label: 'A'
          title: 'Success'
        1:
          body: 'RecordsthefailedattemptusingtheBookkeeper.Leavesthewriterequestinthequeueforfutureretries.'
          label: 'B'
          title: 'Failure'
    15:
      nested: false
      page: '/docs/concepts/store5/validator'
      items:
        0:
          body: 'WhenyourapplicationrequestscacheddatafromtheStore,itfirstcheckstheMemoryCacheandtheSourceofTruthtoseeifthedataisavailable.TheValidatoronlyoperatesondatafromtheSourceofTruthanddoesnotvalidatedatacomingdirectlyfromthenetwork.'
          label: '1'
          title: 'Data Retrieval Request'
        1:
          body: "TheValidator'sisValidmethodiscalledwiththecacheddataastheparameter."
          label: '2'
          title: 'Validation Check'
        2:
          body: 'IfisValidreturnstrue,theStoreconsidersthecacheddatavalidandserviesittotheapplication.IfisValidreturnsfalse,theStoredeemsthecacheddatainvalidandproceedstofetchfreshdatafromtheremotesourceusingtheFetcher.'
          label: '3'
          title: 'Validity Determination'
        3:
          body: "Ifnewdataisfetched,it'sstoredintheMemoryCacheandtheSourceofTruthforfuturerequests."
          label: '4'
          title: 'Data Update'
    16:
      nested: false
      page: '/docs/quickstart'
      items:
        0:
          body: `AddtheStorelibrarytoyourproject'sdependencies.Sincewe'reworkingwithaKMPproject,we'lladdthedependencytothecommonMainsourceset.tomlCopy[versions]store="5.1.0"[libraries]store={module="org.mobilenativefoundation.store:store5",version.ref="store"}kotlinCopycommonMain{dependencies{implementation(libs.store)}}UnderstandingVersionCatalogs:Thelibs.versions.tomlfileispartofGradle'sVersionCatalogsfeature,whichsimplifiesdependencymanagement.Ifyou'renotusingVersionCatalogs,youcanaddthedependencydirectlytoyourbuild.gradle.kts:kotlinCopydependencies{implementation("org.mobilenativefoundation.store:store5:5.1.0")}FormoreinformationonVersionCatalogs,visittheGradleDocumentation.`
          label: '1'
          title: 'Add the Dependency'
        1:
          body: 'Afteraddingthedependency,syncyourprojectwithGradletodownloadtheStorelibrary.'
          label: '2'
          title: 'Sync the Project'
    17:
      nested: false
      page: '/docs/quickstart'
      items:
        0:
          body: "Definethemodelsforapost.kotlinCopypackageorg.mobilenativefoundation.trails.backend.models@SerializabledataclassPostNetworkModel(valid:Int,valcreatorId:Int,valcaption:String?,valplatform:Platform,valcreatedAt:LocalDateTime,vallikesCount:Long,valcommentsCount:Long,valsharesCount:Long,valviewsCount:Long,valisSponsored:Boolean,vallocationName:String?,valcoverUrl:String,valisFavoritedByCurrentUser:Boolean)sqlCopypackageorg.mobilenativefoundation.trails.xplat.lib.dbCREATETABLEpostEntity(idINTEGERPRIMARYKEY,creator_idINTEGERNOTNULL,captionTEXT,created_atTEXTNOTNULL,likes_countINTEGERNOTNULL,comments_countINTEGERNOTNULL,shares_countINTEGERNOTNULL,views_countINTEGERNOTNULL,is_sponsoredINTEGERNOTNULL,cover_urlTEXTNOTNULL,platformTEXTASPlatformNOTNULL,location_nameTEXT,is_favorited_by_current_userINTEGERNOTNULL,FOREIGNKEY(creator_id)REFERENCEScreatorEntity(id));kotlinCopypackageorg.mobilenativefoundation.trails.xplat.lib.modelsdataclassPost(valid:Int,valcreatorId:Int,valcaption:String?,valcreatedAt:LocalDateTime,vallikesCount:Long,valcommentsCount:Long,valsharesCount:Long,valviewsCount:Long,valisSponsored:Boolean,valcoverURL:String,valplatform:Platform,vallocationName:String?,valisFavoritedByCurrentUser:Boolean)UsingSqlDelightforLocalDatabaseModels:TheSQLschemadefinedusingSqlDelightwillgenerateKotlinmodelsforyou.Here'showthePostEntityclassmightlookaftergeneration:kotlinCopydataclassPostEntity(valid:Long,valcreator_id:Long,valcaption:String?,valcreated_at:String,vallikes_count:Long,valcomments_count:Long,valshares_count:Long,valviews_count:Long,valis_sponsored:Long,valcover_url:String,valplatform:Platform,vallocation_name:String?,valis_favorited_by_current_user:Long)FormoredetailsonhowSqlDelightgeneratesKotlinclassesfromSQLschemas,checkouttheSqlDelightDocs."
          label: '1'
          title: 'Define the Data Models'
        1:
          body: `Defineandimplementaninterfaceforyournetworkcalls.Inthisexample,we'lluseKtorforHTTPrequests.DependencyInjectionContext:Trailsuseskotlin-inject,acompile-timedependencyinjectionlibraryforKotlin.The@Injectannotationindicatesaclasscanbeinjected.kotlinCopypackageorg.mobilenativefoundation.trails.xplat.lib.rest.apiinterfacePostOperations{suspendfungetPost(id:Int):PostNetworkModelsuspendfunupdatePost(post:PostNetworkModel):Boolean}interfaceTrailsApi:PostOperationskotlinCopypackageorg.mobilenativefoundation.trails.xplat.lib.rest.implinternalobjectTrailsEndpoints{privateconstvalROOT_API_URL="https://api.trails.mattramotar.dev"fungetPost(id:Int)="$ROOT_API_URL/posts/$id"funupdatePost(id:Int)="$ROOT_API_URL/posts/$id"}@InjectclassRealPostOperations(privatevalhttpClient:HttpClient=httpClient()):PostOperations{overridesuspendfungetPost(id:Int):PostNetworkModel{valurl=TrailsEndpoints.getPost(id)valresponse=httpClient.get(url)returnresponse.body()}overridesuspendfunupdatePost(post:PostNetworkModel):Boolean{valurl=TrailsEndpoints.updatePost(post.id)valresponse=httpClient.put(url){setBody(post)}returnresponse.body()}}@InjectclassRealTrailsClient(privatevalpostOperations:PostOperations):TrailsClient,PostOperationsbypostOperations`
          label: '2'
          title: 'Create the API Interface'
        2:
          body: 'Weneedtoconvertbetweenournetworkmodel,domainmodel,andlocaldatabasemodel.kotlinCopypackageorg.mobilenativefoundation.trails.xplat.lib.market.post.impl.extensionsobjectPostExtensions{//Convertfromthenetworkmodeltothedomainmodel.funPostNetworkModel.asPost():Post{returnPost(id=this.id,creatorId=this.creatorId,caption=this.caption,createdAt=this.createdAt,likesCount=this.likesCount,commentsCount=this.commentsCount,sharesCount=this.sharesCount,viewsCount=this.viewsCount,isSponsored=this.isSponsored,coverURL=this.coverUrl,platform=this.platform.asPlatform(),locationName=this.locationName,isFavoritedByCurrentUser=this.isFavoritedByCurrentUser)}}kotlinCopypackageorg.mobilenativefoundation.trails.xplat.lib.market.post.impl.extensionsobjectPostExtensions{//Convertfromthelocaldatabasemodeltothedomainmodel.funPostEntity.asPost():Post{returnPost(id=this.id.toInt(),creatorId=this.creator_id.toInt(),caption=this.caption,createdAt=LocalDateTime.parse(this.created_at),likesCount=this.likes_count.toLong(),commentsCount=this.comments_count.toLong(),sharesCount=this.shares_count.toLong(),viewsCount=this.views_count.toLong(),isSponsored=this.is_sponsored==1L,coverURL=this.cover_url,platform=this.platform,locationName=this.location_name,isFavoritedByCurrentUser=this.is_favorited_by_current_user==1L)}}kotlinCopypackageorg.mobilenativefoundation.trails.xplat.lib.market.post.impl.extensionsobjectPostExtensions{//Convertfromthedomainmodeltothelocaldatabasemodel.funPost.asPostEntity():PostEntity{returnPostEntity(id=this.id.toLong(),creator_id=this.creatorId.toLong(),caption=this.caption,created_at=createdAt.toString(),likes_count=this.likesCount,comments_count=this.commentsCount,shares_count=this.sharesCount,views_count=this.viewsCount,is_sponsored=if(this.isSponsored)1else0,cover_url=this.coverURL,platform=this.platform,location_name=this.locationName,is_favorited_by_current_user=if(this.isFavoritedByCurrentUser)1else0)}}kotlinCopypackageorg.mobilenativefoundation.trails.xplat.lib.market.post.impl.extensionsobjectPostExtensions{//Convertfromthedomainmodeltothenetworkmodel.funPost.asNetworkModel():PostNetworkModel{returnPostNetworkModel(id=this.id,creatorId=this.creatorId,caption=this.caption,createdAt=createdAt,likesCount=this.likesCount,commentsCount=this.commentsCount,sharesCount=this.sharesCount,viewsCount=this.viewsCount,isSponsored=isSponsored,coverUrl=this.coverURL,platform=this.platform.asNetworkModel(),locationName=this.locationName,isFavoritedByCurrentUser=this.isFavoritedByCurrentUser)}}'
          label: '3'
          title: 'Implement Converters'
        3:
          body: "We'lluseafactoryforcreatingaPostStoreinstance.AbouttheTODO()Placeholders:TheTODO()placeholdersindicatewhereimplementationswillbeprovidedinthesubsequentsteps.kotlinCopypackageorg.mobilenativefoundation.trails.xplat.lib.market.post.impl.storetypealiasPostStore=Store<Int,Post>classPostStoreFactory(privatevalclient:PostOperations,privatevaltrailsDatabase:TrailsDatabase,){funcreate():PostStore{TODO()}privatefuncreateFetcher():Fetcher<Int,PostNetworkModel>{TODO()}privatefuncreateSourceOfTruth():SourceOfTruth<Int,PostEntity,Post>{TODO()}privatefuncreateConverter():Converter<PostNetworkModel,PostEntity,Post>{TODO()}privatefuncreateUpdater():Updater<Int,Post,Boolean>{TODO()}privatefuncreateBookkeeper():Bookkeeper<Int>{TODO()}}"
          label: '4'
          title: 'Set Up the Store Factory'
        4:
          body: 'OurFetcherwillinteractwiththenetworkdatasourceusingthePostOperationsinterface.kotlinCopypackageorg.mobilenativefoundation.trails.xplat.lib.market.post.impl.storeprivatefuncreateFetcher():Fetcher<Int,PostNetworkModel>=Fetcher.of{id->//Fetchpostfromthenetworkclient.getPost(id)?:throwIllegalArgumentException("PostwithID$idnotfound.")}'
          label: '5'
          title: 'Implement the Fetcher'
        5:
          body: 'OurSourceofTruthwilldelegatetoalocalSqlDelightdatabase.kotlinCopypackageorg.mobilenativefoundation.trails.xplat.lib.market.post.impl.storeprivatefuncreateSourceOfTruth():SourceOfTruth<Int,PostEntity,Post>=SourceOfTruth.of(reader={id->flow{//Querythedatabaseforapostemit(trailsDatabase.postQueries.selectPostById(id.toLong()))}},writer={_,postEntity->trailsDatabase.postQueries.insertPost(postEntity)})ObservingDatabaseChangesOverTime:ToensureyourSourceOfTruthobserveschangesinthedatabase,useasFlow()andappropriatemappingfunctions.kotlinCopytrailsDatabase.postQueries.selectPostById(id.toLong()).asFlow().mapToOneOrNull()'
          label: '6'
          title: 'Implement the Source of Truth'
        6:
          body: "OurConverterwillconvertbetweenournetworkmodel,localdatabasemodel,anddomainmodelusingthePostExtensionsobject.UnderstandingtheConverter'sRole:TheConverterbridgesthegapbetweenthenetworkmodel,localdatabasemodel,anddomainmodelwithintheStore.Whileyouhaveextensionfunctionsforconversions,theConverterintegratestheseintotheStore'spipeline,ensuringdataflowscorrectlythrougheachlayer.kotlinCopypackageorg.mobilenativefoundation.trails.xplat.lib.market.post.impl.storeprivatefuncreateConverter():Converter<PostNetworkModel,PostEntity,Post>=Converter.Builder<PostNetworkModel,PostEntity,Post>().fromOutputToLocal{post->post.asPostEntity()}.fromNetworkToLocal{postNetworkModel->postNetworkModel.asPost()}.build()"
          label: '7'
          title: 'Implement the Converter'
        7:
          body: 'OurUpdaterwillmakeanetworkcalltoupdatethepost.kotlinCopypackageorg.mobilenativefoundation.trails.xplat.lib.market.post.impl.storeprivatefuncreateUpdater():Updater<Int,Post,Boolean>=Updater.by(post={_,updatedPost->valnetworkModel=updatedPost.asNetworkModel()valsuccess=client.updatePost(networkModel)if(success){UpdaterResult.Success.Typed(success)}else{UpdaterResult.Error.Message("Somethingwentwrong.")}})'
          label: '8'
          title: 'Implement the Updater'
        8:
          body: 'OurBookkeeperkeepstrackoffailedsyncstoenableeagerlyresolvingconflictsafterlocalmutations.kotlinCopypackageorg.mobilenativefoundation.trails.xplat.lib.market.post.impl.storeprivatefuncreateBookkeeper():Bookkeeper<Int>=Bookkeeper.by(getLastFailedSync={id->trailsDatabase.postBookkeepingQueries.selectMostRecentFailedSync(id).executeAsOneOrNull()?.let{failedSync->timestampToEpochMilliseconds(timestamp=failedSync.timestamp)}},setLastFailedSync={id,timestamp->try{trailsDatabase.postBookkeepingQueries.insertFailedSync(PostFailedSync(post_id=id,timestamp=epochMillisecondsToTimestamp(timestamp)))true}catch(e:SQLException){//Handletheexceptionfalse}},clear={id->try{trailsDatabase.postBookkeepingQueries.clearByPostId(id)true}catch(e:SQLException){//Handletheexceptionfalse}},clearAll={try{trailsDatabase.postBookkeepingQueries.clearAll()true}catch(e:SQLException){//Handletheexceptionfalse}})'
          label: '9'
          title: 'Implement the Bookkeeper'
        9:
          body: "ProvidetheimplementationstotheStoreBuilder.HowComponentsWorkTogether:EachcomponentoftheStorehasaspecificrole:Fetcher:Retrievesdatafromthenetwork.SourceofTruth:Manageslocaldatastorage.Converter:Handlesdatatransformationsbetweenmodels.Updater:Syncslocalchangesbacktothenetwork.Bookkeeper:Keepstrackoffailedupdatesforretrymechanisms.Byintegratingthesecomponents,theStoreefficientlymanagesdataflowbetweenthenetwork,localstorage,andyourapp'sUI.kotlinCopypackageorg.mobilenativefoundation.trails.xplat.lib.market.post.impl.storeclassPostStoreFactory(privatevalclient:PostOperations,privatevaltrailsDatabase:TrailsDatabase,){funcreate():PostStore{returnMutableStoreBuilder.from(fetcher=createFetcher(),sourceOfTruth=createSourceOfTruth(),converter=createConverter()).build(updater=createUpdater(),bookkeeper=createBookkeeper())}privatefuncreateFetcher():Fetcher<Int,PostNetworkModel>{...}privatefuncreateSourceOfTruth():SourceOfTruth<Int,PostEntity,Post>{...}privatefuncreateConverter():Converter<PostNetworkModel,PostEntity,Post>{...}privatefuncreateUpdater():Updater<Int,Post,Boolean>{...}privatefuncreateBookkeeper():Bookkeeper<Int>{...}}"
          label: '10'
          title: 'Build the Store'
    18:
      nested: false
      page: '/docs/quickstart'
      items:
        0:
          body: "We'llcreateaPostRepositorythatusesthePostStoretofetchandcachepostdata.TheprimaryreasonforthisextralayerisitenablesustoextractStorefromthedomainlayerasanimplementationdetailofthePostRepository.ItalsoenablesustoaddadditionalmethodsandstrategiestothePostRepositoryinthefuture.PostRepositoryisfeatureagnostic.WedefinethePostRepositoryunderthecommonlib/market/post/apinamespaceandimplementitinthelib/market/post/implmoduletofacilitateitsreuseacrossfeatures.Consumerscandependonthelib/market/post/apimodulewithoutbeingexposedtotheimplementationdetails,suchasthePostStore.Amarketisacompositionofstoresandsystemsenablingexchangebetweenconsumersandproviders.kotlinCopypackageorg.mobilenativefoundation.trails.xplat.lib.market.post.apiinterfacePostRepository{suspendfungetPost(id:Int):Post?suspendfunupdatePost(postId:Int,likesCount:Long?=null,commentsCount:Long?=null,sharesCount:Long?=null,viewsCount:Long?=null,isFavoritedByCurrentUser:Boolean?=null):Post}kotlinCopypackageorg.mobilenativefoundation.trails.xplat.lib.market.post.impl@InjectclassRealPostRepository(privatevalpostStore:PostStore):PostRepository{overridesuspendfungetPost(id:Int):Post?{returnpostStore.fresh<Int,Post,Boolean>(id)}overridesuspendfunupdatePost(postId:Int,likesCount:Long?,commentsCount:Long?,sharesCount:Long?,viewsCount:Long?,isFavoritedByCurrentUser:Boolean?):Post{valprevPost=postStore.get<Int,Post,Boolean>(postId)valnextPost=prevPost.copy(likesCount=likesCount?:prevPost.likesCount,commentsCount=commentsCount?:prevPost.commentsCount,sharesCount=sharesCount?:prevPost.sharesCount,viewsCount=viewsCount?:prevPost.viewsCount,isFavoritedByCurrentUser=isFavoritedByCurrentUser?:prevPost.isFavoritedByCurrentUser)valwriteRequest=StoreWriteRequest.of<Int,Post,Boolean>(key=postId,value=nextPost)returnwhen(postStore.write(writeRequest)){isStoreWriteResponse.Error->prevPostisStoreWriteResponse.Success->nextPost}}}"
          label: '1'
          title: 'Create a Post Repository'
        1:
          body: 'TrailsisbuiltwithaCircuitarchitecture.BeforewecaninteractwiththePostRepository,weneedtodefinetheScreen,State,andEventclasses.kotlinCopypackageorg.mobilenativefoundation.trails.xplat.feat.postDetailScreen.apiinterfacePostDetailScreen:Screen{sealedinterfaceState:CircuitUiState{dataclassLoaded(valpost:Post,valeventSink:(Event)->Unit,):StatedataobjectLoading:State}sealedinterfaceEvent:CircuitUiEvent{dataobjectFavorite:EventdataobjectUnfavorite:Event}interfaceUI:CircuitUI<State>interfacePresenter:CircuitPresenter<State>}'
          label: '2'
          title: 'Define the Post Detail Screen'
        2:
          body: "ACircuitPresenterisintendedtobethebusinesslogicforascreen'sUIandatranslationlayerinfrontofthedatalayer.OurPostDetailScreenPresenterwillusethePostRepositorytoloadthepostdataandupdatetheUIinresponsetouseractions.kotlinCopypackageorg.mobilenativefoundation.trails.xplat.feat.postDetailScreen.impl@InjectclassPostDetailScreenPresenter(privatevalpostRepository:PostRepository,@AssistedprivatevalpostId:Int):PostDetailScreen.Presenter{@Composableoverridefunpresent():PostDetailScreen.State{varpost:Post?byremember{mutableStateOf(null)}LaunchedEffect(postId){post=postRepository.getPost(postId)}returnif(post!=null){PostDetailScreen.State.Loaded(post,eventSink=::handleEvent)}else{PostDetailScreen.State.Loading}}privatefunhandleEvent(prevState:PostDetailScreen.State,event:PostDetailScreen.Event){when(event){isPostDetailScreen.Event.Favorite->handleFavorite(prevState)isPostDetailScreen.Event.Unfavorite->handleUnfavorite(prevState)}}privatefunhandleFavorite(prevState:PostDetailScreen.State){valnextPost=postRepository.updatePost(postId=postId,isFavoritedByCurrentUser=true,likesCount=prevState.post.likesCount+1)post=nextPost}privatefunhandleUnfavorite(prevState:PostDetailScreen.State){valnextPost=postRepository.updatePost(postId=postId,isFavoritedByCurrentUser=false,likesCount=prevState.post.likesCount-1)post=nextPost}}"
          label: '3'
          title: 'Implement the Post Detail Presenter'
        3:
          body: 'kotlinCopypackageorg.mobilenativefoundation.trails.xplat.feat.postDetailScreen.impl@InjectclassPostDetailScreenUI:PostDetailScreen.UI{@ComposableoverridefunContent(state:PostDetailScreen.State,modifier:Modifier){when(state){isPostDetailScreen.State.Loading->{LoadingView()}isPostDetailScreen.State.Loaded->{PostDetailView(post=state.post,onFavorite={state.eventSink(PostDetailScreen.Event.Favorite)},onUnfavorite={state.eventSink(PostDetailScreen.Event.Unfavorite)})}}}}'
          label: '4'
          title: 'Display the Post Detail Screen'
  operator: 'deepStrictEqual'
  stack: |-
    TestContext.<anonymous> (file:///Users/matt/.codex/worktrees/7d49/store-docs/scripts/t4-contract.test.mjs:663:10)
    Test.runInAsyncScope (node:async_hooks:214:14)
    Test.run (node:internal/test_runner/test:1047:25)
    Test.processPendingSubtests (node:internal/test_runner/test:744:18)
    Test.postRun (node:internal/test_runner/test:1173:19)
    Test.run (node:internal/test_runner/test:1101:12)
    async Test.processPendingSubtests (node:internal/test_runner/test:744:7)
  ...
# Subtest: the token replacement fence remains exact
ok 155 - the token replacement fence remains exact
  ---
  duration_ms: 0.148375
  type: 'test'
  ...
# Subtest: same-origin migration links are healthy or rendered as unavailable
ok 156 - same-origin migration links are healthy or rendered as unavailable
  ---
  duration_ms: 340.022417
  type: 'test'
  ...
# Subtest: publishable tracked text excludes local paths and private publication vocabulary
ok 157 - publishable tracked text excludes local paths and private publication vocabulary
  ---
  duration_ms: 624.969917
  type: 'test'
  ...
# Subtest: publishable text census excludes only generated reference module artifacts
ok 158 - publishable text census excludes only generated reference module artifacts
  ---
  duration_ms: 11.81525
  type: 'test'
  ...
# Subtest: published-surface scan reports the exact file, line, and curated pattern
ok 159 - published-surface scan reports the exact file, line, and curated pattern
  ---
  duration_ms: 1.9575
  type: 'test'
  ...
# Subtest: published surfaces exclude curated internal process vocabulary
ok 160 - published surfaces exclude curated internal process vocabulary
  ---
  duration_ms: 4.192667
  type: 'test'
  ...
# Subtest: Store6 sync is portable and locked to exact revision and source hashes
ok 161 - Store6 sync is portable and locked to exact revision and source hashes
  ---
  duration_ms: 0.184625
  type: 'test'
  ...
# Subtest: inventory partitions and manifest access contain no fixed cardinality literals
ok 162 - inventory partitions and manifest access contain no fixed cardinality literals
  ---
  duration_ms: 0.480375
  type: 'test'
  ...
# Subtest: live generation is snapshot-backed, source-locked, guarded, and transactional
ok 163 - live generation is snapshot-backed, source-locked, guarded, and transactional
  ---
  duration_ms: 24.575417
  type: 'test'
  ...
# Subtest: snapshot validation rejects a missing derived link-health entry
ok 164 - snapshot validation rejects a missing derived link-health entry
  ---
  duration_ms: 47.457
  type: 'test'
  ...
# Subtest: snapshot validation and card conversion reject empty link health
ok 165 - snapshot validation and card conversion reject empty link health
  ---
  duration_ms: 46.228792
  type: 'test'
  ...
# Subtest: URL rewriting fails closed for unsafe anchor and image schemes
ok 166 - URL rewriting fails closed for unsafe anchor and image schemes
  ---
  duration_ms: 0.402667
  type: 'test'
  ...
# Subtest: manifest fidelity values match ported bodies and warrant every status
ok 167 - manifest fidelity values match ported bodies and warrant every status
  ---
  duration_ms: 4.81825
  type: 'test'
  ...
# Subtest: ported pages do not lose headings that are present in the live content tree
ok 168 - ported pages do not lose headings that are present in the live content tree
  ---
  duration_ms: 0.160209
  type: 'test'
  ...
# Subtest: all generated MDX has one frontmatter block, no body H1, and static output
ok 169 - all generated MDX has one frontmatter block, no body H1, and static output
  ---
  duration_ms: 2.563583
  type: 'test'
  ...
# Subtest: compiled migrated articles preserve renderer semantics, meaningful links, and visible media
not ok 170 - compiled migrated articles preserve renderer semantics, meaningful links, and visible media
  ---
  duration_ms: 184.871625
  type: 'test'
  location: '/Users/matt/.codex/worktrees/7d49/store-docs/scripts/t4-contract.test.mjs:1019:1'
  failureType: 'testCodeFailure'
  error: |-
    The expression evaluated to a falsy value:
    
      assert.ok(quickstart(pre).hasClass("overflow-x-auto"))
    
  code: 'ERR_ASSERTION'
  name: 'AssertionError'
  expected: true
  actual: false
  operator: '=='
  stack: |-
    Element.<anonymous> (file:///Users/matt/.codex/worktrees/7d49/store-docs/scripts/t4-contract.test.mjs:1080:12)
    LoadedCheerio.each (file:///Users/matt/.codex/worktrees/7d49/store-docs/node_modules/.pnpm/cheerio@1.2.0/node_modules/cheerio/dist/esm/api/traversing.js:488:26)
    TestContext.<anonymous> (file:///Users/matt/.codex/worktrees/7d49/store-docs/scripts/t4-contract.test.mjs:1078:30)
    Test.runInAsyncScope (node:async_hooks:214:14)
    Test.run (node:internal/test_runner/test:1047:25)
    Test.processPendingSubtests (node:internal/test_runner/test:744:18)
    Test.postRun (node:internal/test_runner/test:1173:19)
    Test.run (node:internal/test_runner/test:1101:12)
    async Test.processPendingSubtests (node:internal/test_runner/test:744:7)
  ...
# Subtest: copied indented source examples are fenced before MDX compilation
ok 171 - copied indented source examples are fenced before MDX compilation
  ---
  duration_ms: 0.147833
  type: 'test'
  ...
# Subtest: copy sanitation states the changing Swift bridge boundary directly
ok 172 - copy sanitation states the changing Swift bridge boundary directly
  ---
  duration_ms: 0.121625
  type: 'test'
  ...
# Subtest: outside routes are static, use the shell, and preserve an empty live body
ok 173 - outside routes are static, use the shell, and preserve an empty live body
  ---
  duration_ms: 1.725958
  type: 'test'
  ...
# Subtest: public links resolve locally or use explicit external destinations
ok 174 - public links resolve locally or use explicit external destinations
  ---
  duration_ms: 2.152875
  type: 'test'
  ...
# Subtest: rewritten Store6-relative links use the current public source repository
ok 175 - rewritten Store6-relative links use the current public source repository
  ---
  duration_ms: 0.190542
  type: 'test'
  ...
# Subtest: llms copy preserves its locked link inventory and maps every target on-site
ok 176 - llms copy preserves its locked link inventory and maps every target on-site
  ---
  duration_ms: 0.211875
  type: 'test'
  ...
# Subtest: public source contains no symlinks
ok 177 - public source contains no symlinks
  ---
  duration_ms: 8.531459
  type: 'test'
  ...
# Subtest: T3 Store6 overview remains byte-identical
not ok 178 - T3 Store6 overview remains byte-identical
  ---
  duration_ms: 0.336
  type: 'test'
  location: '/Users/matt/.codex/worktrees/7d49/store-docs/scripts/t4-contract.test.mjs:1226:1'
  failureType: 'testCodeFailure'
  error: |-
    Expected values to be strictly equal:
    + actual - expected
    
    + '676d0f368bb801e4dcd06b38acff5349105d1ee3b712b378d9e81e642ea666e3'
    - '318c2bd1c6ae33bc642694c36763f1ad491a0e83ca9816231df4f44e366ca2d2'
    
  code: 'ERR_ASSERTION'
  name: 'AssertionError'
  expected: '318c2bd1c6ae33bc642694c36763f1ad491a0e83ca9816231df4f44e366ca2d2'
  actual: '676d0f368bb801e4dcd06b38acff5349105d1ee3b712b378d9e81e642ea666e3'
  operator: 'strictEqual'
  stack: |-
    TestContext.<anonymous> (file:///Users/matt/.codex/worktrees/7d49/store-docs/scripts/t4-contract.test.mjs:1229:10)
    async Test.run (node:internal/test_runner/test:1054:7)
    async Test.processPendingSubtests (node:internal/test_runner/test:744:7)
  ...
# Subtest: live inventory, selectors, source semantics, and hidden code match the pinned migration
ok 179 - live inventory, selectors, source semantics, and hidden code match the pinned migration # SKIP
  ---
  duration_ms: 0.023583
  type: 'test'
  ...
# (node:75246) [MODULE_TYPELESS_PACKAGE_JSON] Warning: Module type of file:///Users/matt/.codex/worktrees/7d49/store-docs/lib/search-results.ts is not specified and it doesn't parse as CommonJS.
# Reparsing as ES module because module syntax was detected. This incurs a performance overhead.
# To eliminate this warning, add "type": "module" to /Users/matt/.codex/worktrees/7d49/store-docs/package.json.
# (Use `node --trace-warnings ...` to show where the warning was created)
# Subtest: T5 owns the complete local-search surface
ok 180 - T5 owns the complete local-search surface
  ---
  duration_ms: 0.726291
  type: 'test'
  ...
# Subtest: the static route exports a Fumadocs source index
ok 181 - the static route exports a Fumadocs source index
  ---
  duration_ms: 9.667042
  type: 'test'
  ...
# Subtest: TopNav renders the command-search client island
ok 182 - TopNav renders the command-search client island
  ---
  duration_ms: 0.157333
  type: 'test'
  ...
# Subtest: the palette follows the verified Command compound and accessibility contract
ok 183 - the palette follows the verified Command compound and accessibility contract
  ---
  duration_ms: 0.351584
  type: 'test'
  ...
# Subtest: result normalization uses stable source identity and rejects non-docs URLs
ok 184 - result normalization uses stable source identity and rejects non-docs URLs
  ---
  duration_ms: 525.633333
  type: 'test'
  ...
# Subtest: version classification uses the parsed normalized pathname
ok 185 - version classification uses the parsed normalized pathname
  ---
  duration_ms: 3.211417
  type: 'test'
  ...
# Subtest: search label normalization uses the pinned Markdown and GFM AST parser
ok 186 - search label normalization uses the pinned Markdown and GFM AST parser
  ---
  duration_ms: 0.267042
  type: 'test'
  ...
# Subtest: search labels normalize Markdown to readable plain text
    # Subtest: "<mark>**Fetcher**</mark> and *emphasis* with `Store`"
    ok 1 - "<mark>**Fetcher**</mark> and *emphasis* with `Store`"
      ---
      duration_ms: 47.858167
      type: 'test'
      ...
    # Subtest: "[Quickstart](/docs/quickstart) and ![Store diagram](/store.svg)"
    ok 2 - "[Quickstart](/docs/quickstart) and ![Store diagram](/store.svg)"
      ---
      duration_ms: 64.193917
      type: 'test'
      ...
    # Subtest: "[label](https://example.test/a_(b)) and [outer [inner]](/docs/store6)"
    ok 3 - "[label](https://example.test/a_(b)) and [outer [inner]](/docs/store6)"
      ---
      duration_ms: 2.046667
      type: 'test'
      ...
    # Subtest: "\# Heading\\n- first item\\n1. second item\\n> quoted note"
    ok 4 - "\# Heading\\n- first item\\n1. second item\\n> quoted note"
      ---
      duration_ms: 9.078333
      type: 'test'
      ...
    # Subtest: "__Strong__ and _emphasis_ with ~~obsolete~~ text"
    ok 5 - "__Strong__ and _emphasis_ with ~~obsolete~~ text"
      ---
      duration_ms: 1.66425
      type: 'test'
      ...
    # Subtest: "*single asterisk* and _single underscore_"
    ok 6 - "*single asterisk* and _single underscore_"
      ---
      duration_ms: 12.704
      type: 'test'
      ...
    # Subtest: "```kotlin\\nstore.stream()\\n```"
    ok 7 - "```kotlin\\nstore.stream()\\n```"
      ---
      duration_ms: 1.43525
      type: 'test'
      ...
    # Subtest: "<mark>Use</mark> <strong>safe text</strong> &amp; entities"
    ok 8 - "<mark>Use</mark> <strong>safe text</strong> &amp; entities"
      ---
      duration_ms: 1.261375
      type: 'test'
      ...
    # Subtest: "<span title=\\"a > b\\">quoted attribute</span>"
    ok 9 - "<span title=\\"a > b\\">quoted attribute</span>"
      ---
      duration_ms: 4.179709
      type: 'test'
      ...
    # Subtest: "[Quickstart][guide]\\n\\n[guide]: /docs/store6 \\"Store 6\\""
    ok 10 - "[Quickstart][guide]\\n\\n[guide]: /docs/store6 \\"Store 6\\""
      ---
      duration_ms: 1.977834
      type: 'test'
      ...
    # Subtest: "[guide]: /docs/store6"
    ok 11 - "[guide]: /docs/store6"
      ---
      duration_ms: 0.816042
      type: 'test'
      ...
    # Subtest: "![Store diagram][image]\\n\\n[image]: /store.svg"
    ok 12 - "![Store diagram][image]\\n\\n[image]: /store.svg"
      ---
      duration_ms: 1.520083
      type: 'test'
      ...
    # Subtest: "&\#x2A;*hex** and &\#42;*decimal** and &ast;*named**"
    ok 13 - "&\#x2A;*hex** and &\#42;*decimal** and &ast;*named**"
      ---
      duration_ms: 1.985667
      type: 'test'
      ...
    # Subtest: "&\#96;numeric code&\#96; and &grave;named code&grave;"
    ok 14 - "&\#96;numeric code&\#96; and &grave;named code&grave;"
      ---
      duration_ms: 25.497916
      type: 'test'
      ...
    # Subtest: "&\#xE000;0&\#xE001;"
    ok 15 - "&\#xE000;0&\#xE001;"
      ---
      duration_ms: 0.809791
      type: 'test'
      ...
    # Subtest: "***[Use `Store`][guide]***\\n\\n[guide]: /docs/store6"
    ok 16 - "***[Use `Store`][guide]***\\n\\n[guide]: /docs/store6"
      ---
      duration_ms: 63.3465
      type: 'test'
      ...
    # Subtest: escaped literal markers remain literal
    ok 17 - escaped literal markers remain literal
      ---
      duration_ms: 1.369792
      type: 'test'
      ...
    # Subtest: code spans keep nested escapes opaque without leaking sentinels
    ok 18 - code spans keep nested escapes opaque without leaking sentinels
      ---
      duration_ms: 0.37125
      type: 'test'
      ...
    1..18
ok 187 - search labels normalize Markdown to readable plain text
  ---
  duration_ms: 243.283916
  type: 'test'
  ...
# Subtest: search label normalization fails closed without overflowing on resource limits
ok 188 - search label normalization fails closed without overflowing on resource limits
  ---
  duration_ms: 941.106375
  type: 'test'
  ...
# Subtest: block HTML and MDX preserve safe body text while excluding unsafe raw text
ok 189 - block HTML and MDX preserve safe body text while excluding unsafe raw text
  ---
  duration_ms: 17.257459
  type: 'test'
  ...
# Subtest: normalization reports pass exhaustion and rejects non-convergent labels
ok 190 - normalization reports pass exhaustion and rejects non-convergent labels
  ---
  duration_ms: 91.714417
  type: 'test'
  ...
# Subtest: the tracker caches normalized arrays by raw result identity and generation
ok 191 - the tracker caches normalized arrays by raw result identity and generation
  ---
  duration_ms: 1.029875
  type: 'test'
  ...
# Subtest: canonical destinations dedupe deterministically with reorder-stable identities
ok 192 - canonical destinations dedupe deterministically with reorder-stable identities
  ---
  duration_ms: 7.284083
  type: 'test'
  ...
# Subtest: search generations hide and disarm blank, changed, pending, failed, and late data
ok 193 - search generations hide and disarm blank, changed, pending, failed, and late data
  ---
  duration_ms: 0.913125
  type: 'test'
  ...
# Subtest: search trigger relationship exists only while its dialog target is open
ok 194 - search trigger relationship exists only while its dialog target is open
  ---
  duration_ms: 0.087625
  type: 'test'
  ...
# Subtest: the built-index verifier uses the public local static client
ok 195 - the built-index verifier uses the public local static client
  ---
  duration_ms: 0.181875
  type: 'test'
  ...
# Subtest: T5 does not introduce a cloud search client or browser secret
ok 196 - T5 does not introduce a cloud search client or browser secret
  ---
  duration_ms: 0.468709
  type: 'test'
  ...
# Subtest: canonical matching pages outrank incidental text and retain parent and section context
ok 197 - canonical matching pages outrank incidental text and retain parent and section context
  ---
  duration_ms: 3.6915
  type: 'test'
  ...
# Subtest: scope changes invalidate same-query results, late failures, and old client activation
ok 198 - scope changes invalidate same-query results, late failures, and old client activation
  ---
  duration_ms: 1.029833
  type: 'test'
  ...
# Subtest: public static client applies version tags before ranking and supports both versions
ok 199 - public static client applies version tags before ranking and supports both versions
  ---
  duration_ms: 61.499208
  type: 'test'
  ...
# Subtest: T7 owns the static root, hero components, and relocated read-contract trace
ok 200 - T7 owns the static root, hero components, and relocated read-contract trace
  ---
  duration_ms: 0.611
  type: 'test'
  ...
# Subtest: the hero leads with purpose, the first action, and the source-backed example
ok 201 - the hero leads with purpose, the first action, and the source-backed example
  ---
  duration_ms: 0.454458
  type: 'test'
  ...
# Subtest: the detailed failure trace and every qualification live in the read contract
ok 202 - the detailed failure trace and every qualification live in the read contract
  ---
  duration_ms: 0.609792
  type: 'test'
  ...
# Subtest: every Store code-surface text token clears 4.5:1
ok 203 - every Store code-surface text token clears 4.5:1
  ---
  duration_ms: 0.323167
  type: 'test'
  ...
# Subtest: the built root preserves the purpose-first action and example semantics
ok 204 - the built root preserves the purpose-first action and example semantics
  ---
  duration_ms: 49.810583
  type: 'test'
  ...
# Subtest: the built read-contract page preserves the relocated semantic trace
ok 205 - the built read-contract page preserves the relocated semantic trace
  ---
  duration_ms: 34.934833
  type: 'test'
  ...
# Subtest: committed sources derive the inventory, separate exclusion, extras, and page census
ok 206 - committed sources derive the inventory, separate exclusion, extras, and page census
  ---
  duration_ms: 397.579417
  type: 'test'
  ...
# Subtest: committed route contract includes all B3 mutation routes
ok 207 - committed route contract includes all B3 mutation routes
  ---
  duration_ms: 350.191833
  type: 'test'
  ...
# Subtest: committed route contract includes all B4 migration routes
ok 208 - committed route contract includes all B4 migration routes
  ---
  duration_ms: 228.950333
  type: 'test'
  ...
# Subtest: fixture derivation gets synchronized Store6 routes from both lock and ledger
ok 209 - fixture derivation gets synchronized Store6 routes from both lock and ledger
  ---
  duration_ms: 47.93
  type: 'test'
  ...
# Subtest: route derivation rejects OpenAPI inside the inventory
ok 210 - route derivation rejects OpenAPI inside the inventory
  ---
  duration_ms: 16.892792
  type: 'test'
  ...
# Subtest: route derivation rejects Store6 lock and ledger drift
ok 211 - route derivation rejects Store6 lock and ledger drift
  ---
  duration_ms: 19.588584
  type: 'test'
  ...
# Subtest: route derivation checks the complete Store6 lock and ledger target sets
ok 212 - route derivation checks the complete Store6 lock and ledger target sets
  ---
  duration_ms: 25.208416
  type: 'test'
  ...
# Subtest: route derivation keeps the hand-authored Store6 overview outside the sync lock
ok 213 - route derivation keeps the hand-authored Store6 overview outside the sync lock
  ---
  duration_ms: 11.729084
  type: 'test'
  ...
# Subtest: route derivation requires the locked public text surface
ok 214 - route derivation requires the locked public text surface
  ---
  duration_ms: 25.958709
  type: 'test'
  ...
# Subtest: route derivation rejects inventory target and port ledger drift
ok 215 - route derivation rejects inventory target and port ledger drift
  ---
  duration_ms: 19.442875
  type: 'test'
  ...
# Subtest: route derivation rejects an orphan content documentation route
ok 216 - route derivation rejects an orphan content documentation route
  ---
  duration_ms: 34.862459
  type: 'test'
  ...
# Subtest: only the named internal component fixture is excluded from the public page census
ok 217 - only the named internal component fixture is excluded from the public page census
  ---
  duration_ms: 34.768083
  type: 'test'
  ...
# Subtest: route derivation rejects unexpected application page entrypoints for every configured extension
ok 218 - route derivation rejects unexpected application page entrypoints for every configured extension
  ---
  duration_ms: 134.008625
  type: 'test'
  ...
# Subtest: route derivation accepts generated files nested below the required public reference modules
ok 219 - route derivation accepts generated files nested below the required public reference modules
  ---
  duration_ms: 11.48
  type: 'test'
  ...
# Subtest: route derivation rejects an unexpected third public reference module
ok 220 - route derivation rejects an unexpected third public reference module
  ---
  duration_ms: 11.851083
  type: 'test'
  ...
# Subtest: route derivation rejects a top-level file in the public reference root
ok 221 - route derivation rejects a top-level file in the public reference root
  ---
  duration_ms: 13.211167
  type: 'test'
  ...
# Subtest: route derivation rejects a missing required public reference module
ok 222 - route derivation rejects a missing required public reference module
  ---
  duration_ms: 9.816291
  type: 'test'
  ...
# Subtest: route derivation rejects a missing required public reference index
ok 223 - route derivation rejects a missing required public reference index
  ---
  duration_ms: 11.024584
  type: 'test'
  ...
# Subtest: route derivation rejects public reference symlink escapes
ok 224 - route derivation rejects public reference symlink escapes
  ---
  duration_ms: 44.937458
  type: 'test'
  ...
# Subtest: route derivation rejects an extras file that differs from computed routes
ok 225 - route derivation rejects an extras file that differs from computed routes
  ---
  duration_ms: 11.746541
  type: 'test'
  ...
# Subtest: rendered-page extraction retains hidden panels and ordered headings
ok 226 - rendered-page extraction retains hidden panels and ordered headings
  ---
  duration_ms: 4.1625
  type: 'test'
  ...
# Subtest: served-page extraction uses the title and content contract without the live-only main
ok 227 - served-page extraction uses the title and content contract without the live-only main
  ---
  duration_ms: 0.62925
  type: 'test'
  ...
# Subtest: rendered-page extraction requires one container, title, and content node
ok 228 - rendered-page extraction requires one container, title, and content node
  ---
  duration_ms: 0.306916
  type: 'test'
  ...
# Subtest: fidelity uses title equality, ordered headings, and the normalized character ratio
ok 229 - fidelity uses title equality, ordered headings, and the normalized character ratio
  ---
  duration_ms: 0.079958
  type: 'test'
  ...
# Subtest: title-only fidelity is N/A and rejects invented local body content
ok 230 - title-only fidelity is N/A and rejects invented local body content
  ---
  duration_ms: 0.033083
  type: 'test'
  ...
# Subtest: local verification checks page routes and labels non-page surfaces separately
ok 231 - local verification checks page routes and labels non-page surfaces separately
  ---
  duration_ms: 2.024583
  type: 'test'
  ...
# Subtest: local verification fails on the first non-200 response
ok 232 - local verification fails on the first non-200 response
  ---
  duration_ms: 0.176084
  type: 'test'
  ...
# Subtest: local verification identifies the exact route when transport fails
ok 233 - local verification identifies the exact route when transport fails
  ---
  duration_ms: 0.065875
  type: 'test'
  ...
# Subtest: serial live fetcher spaces every attempt and retries only 5xx
ok 234 - serial live fetcher spaces every attempt and retries only 5xx
  ---
  duration_ms: 0.975708
  type: 'test'
  ...
# Subtest: serial live fetcher rechecks the clock after an early timer wake
ok 235 - serial live fetcher rechecks the clock after an early timer wake
  ---
  duration_ms: 0.295375
  type: 'test'
  ...
# Subtest: serial live fetcher does not retry a network exception
ok 236 - serial live fetcher does not retry a network exception
  ---
  duration_ms: 0.059542
  type: 'test'
  ...
# Subtest: serial live fetcher stops after two retries and never retries 429
ok 237 - serial live fetcher stops after two retries and never retries 429
  ---
  duration_ms: 0.257667
  type: 'test'
  ...
# Subtest: serial live fetcher retries a 5xx even when its response body cannot be read
ok 238 - serial live fetcher retries a 5xx even when its response body cannot be read
  ---
  duration_ms: 0.093125
  type: 'test'
  ...
# Subtest: serial live fetcher queues concurrent callers
ok 239 - serial live fetcher queues concurrent callers
  ---
  duration_ms: 1.594417
  type: 'test'
  ...
# Subtest: live inventory re-fetch requires exact sitemap value-and-order equality
ok 240 - live inventory re-fetch requires exact sitemap value-and-order equality
  ---
  duration_ms: 0.317333
  type: 'test'
  ...
# Subtest: live verification compares each live page with its served local page
ok 241 - live verification compares each live page with its served local page
  ---
  duration_ms: 1.016667
  type: 'test'
  ...
# Subtest: mode parser exposes bounded local and live commands
ok 242 - mode parser exposes bounded local and live commands
  ---
  duration_ms: 0.066834
  type: 'test'
  ...
# Subtest: failure envelope is deterministic and omits stack and timing data
ok 243 - failure envelope is deterministic and omits stack and timing data
  ---
  duration_ms: 0.04575
  type: 'test'
  ...
# Subtest: exports a fixture-callable reference verifier
ok 244 - exports a fixture-callable reference verifier
  ---
  duration_ms: 0.651333
  type: 'test'
  ...
# Subtest: accepts a minimal generated-compatible reference tree
ok 245 - accepts a minimal generated-compatible reference tree
  ---
  duration_ms: 99.454333
  type: 'test'
  ...
# Subtest: rejects placeholder reference notices anywhere in the generated tree
ok 246 - rejects placeholder reference notices anywhere in the generated tree
  ---
  duration_ms: 37.826417
  type: 'test'
  ...
# Subtest: accepts a nested generated page with safe links and stock Dokka scripts
ok 247 - accepts a nested generated page with safe links and stock Dokka scripts
  ---
  duration_ms: 90.108875
  type: 'test'
  ...
# Subtest: accepts all three stock Dokka inline bootstraps
ok 248 - accepts all three stock Dokka inline bootstraps
  ---
  duration_ms: 29.788625
  type: 'test'
  ...
# Subtest: accepts the exact Dokka 2.2 dark-mode bootstrap
ok 249 - accepts the exact Dokka 2.2 dark-mode bootstrap
  ---
  duration_ms: 22.770209
  type: 'test'
  ...
# Subtest: accepts the exact Dokka 2.2 local script paths
ok 250 - accepts the exact Dokka 2.2 local script paths
  ---
  duration_ms: 28.79025
  type: 'test'
  ...
# Subtest: rejects a base element before validating approved-looking relative scripts
ok 251 - rejects a base element before validating approved-looking relative scripts
  ---
  duration_ms: 45.240834
  type: 'test'
  ...
# Subtest: rejects an approved script basename outside the module-root scripts directory
ok 252 - rejects an approved script basename outside the module-root scripts directory
  ---
  duration_ms: 9.228
  type: 'test'
  ...
# Subtest: accepts a deeply nested page whose script resolves to module-root scripts
ok 253 - accepts a deeply nested page whose script resolves to module-root scripts
  ---
  duration_ms: 24.993125
  type: 'test'
  ...
# Subtest: rejects symlinked owned public path components before module traversal
ok 254 - rejects symlinked owned public path components before module traversal
  ---
  duration_ms: 33.4075
  type: 'test'
  ...
# Subtest: accepts published words that merely contain the tracker spelling
ok 255 - accepts published words that merely contain the tracker spelling
  ---
  duration_ms: 17.237875
  type: 'test'
  ...
# Subtest: scans nested pages for unresolved-link markers
ok 256 - scans nested pages for unresolved-link markers
  ---
  duration_ms: 4.944042
  type: 'test'
  ...
# Subtest: scans nested pages for internal tracker vocabulary
ok 257 - scans nested pages for internal tracker vocabulary
  ---
  duration_ms: 32.412875
  type: 'test'
  ...
# Subtest: scans every non-HTML text asset for durable forbidden tokens
ok 258 - scans every non-HTML text asset for durable forbidden tokens
  ---
  duration_ms: 41.316
  type: 'test'
  ...
# Subtest: scans non-HTML text assets for local and private filesystem paths
ok 259 - scans non-HTML text assets for local and private filesystem paths
  ---
  duration_ms: 171.827417
  type: 'test'
  ...
# Subtest: rejects an unreferenced unexpected executable asset
ok 260 - rejects an unreferenced unexpected executable asset
  ---
  duration_ms: 77.2855
  type: 'test'
  ...
# Subtest: rejects altered bytes at an approved stock Dokka script path
ok 261 - rejects altered bytes at an approved stock Dokka script path
  ---
  duration_ms: 11.973583
  type: 'test'
  ...
# Subtest: rejects unsafe anchor schemes and site-root paths
ok 262 - rejects unsafe anchor schemes and site-root paths
  ---
  duration_ms: 20.253916
  type: 'test'
  ...
# Subtest: rejects missing and escaping relative anchor targets
ok 263 - rejects missing and escaping relative anchor targets
  ---
  duration_ms: 7.524125
  type: 'test'
  ...
# Subtest: rejects arbitrary inline scripts
ok 264 - rejects arbitrary inline scripts
  ---
  duration_ms: 3.66825
  type: 'test'
  ...
# Subtest: rejects unapproved external scripts
ok 265 - rejects unapproved external scripts
  ---
  duration_ms: 11.626417
  type: 'test'
  ...
# Subtest: rejects unapproved and missing local scripts
ok 266 - rejects unapproved and missing local scripts
  ---
  duration_ms: 40.158375
  type: 'test'
  ...
# Subtest: rejects inline event-handler attributes on nested pages
ok 267 - rejects inline event-handler attributes on nested pages
  ---
  duration_ms: 11.817375
  type: 'test'
  ...
# Subtest: accepts only the exact Dokka 2.2 navigation toggle handler
ok 268 - accepts only the exact Dokka 2.2 navigation toggle handler
  ---
  duration_ms: 45.181833
  type: 'test'
  ...
# Subtest: rejects a symlink nested in either module tree
ok 269 - rejects a symlink nested in either module tree
  ---
  duration_ms: 6.968541
  type: 'test'
  ...
# Subtest: requires each module entrypoint and a normalized module title
ok 270 - requires each module entrypoint and a normalized module title
  ---
  duration_ms: 9.131125
  type: 'test'
  ...
# Subtest: requires sibling, docs, and Store6 overview links on each entrypoint
ok 271 - requires sibling, docs, and Store6 overview links on each entrypoint
  ---
  duration_ms: 9.752875
  type: 'test'
  ...
# Subtest: accepts required entrypoint links on the canonical Store documentation origin
ok 272 - accepts required entrypoint links on the canonical Store documentation origin
  ---
  duration_ms: 12.490917
  type: 'test'
  ...
# Subtest: rejects required-link aliases with duplicate or encoded separators
ok 273 - rejects required-link aliases with duplicate or encoded separators
  ---
  duration_ms: 55.333
  type: 'test'
  ...
# Subtest: preserves the Reference nav, no-redirect, and no-shadow-route invariants
ok 274 - preserves the Reference nav, no-redirect, and no-shadow-route invariants
  ---
  duration_ms: 35.856333
  type: 'test'
  ...
1..274
# tests 309
# suites 0
# pass 304
# fail 4
# cancelled 0
# skipped 1
# todo 0
# duration_ms 3056.361959
